system,f,runs,success,success_ci,success_honest_ingress,success_honest_ingress_ci
DAG+BFT,1,10,0.6679,0.0251,0.6571,0.0263
Median-TS,1,10,0.1085,0.0184,0.0797,0.0198
ChronoSeq-vertex,1,10,0.5975,0.0158,0.5845,0.0169
ChronoSeq,1,10,0.4336,0.0155,0.4154,0.0156
ChronoSeq-k4,1,10,0.6627,0.0154,0.6518,0.0161
ChronoSeq-k16,1,10,0.7698,0.0171,0.7624,0.0178
Seed-before-cut,1,10,0.8113,0.0182,0.8052,0.019
Leader-BFT,1,10,0.1668,0.0215,0.1399,0.023
FIFO (Byzantine leader),1,10,1.0,0.0,1.0,0.0
_reach,1,10,,,0.8052,0.019
_exclusion,1,10,,,0.027,0.0057
_veto,1,10,,,0.0312,0.0072
_byz_ingress,1,10,0.0312,0.0035,,
_lagmax,1,10,0.2283,0.0008,0.0,0.0
DAG+BFT,4,10,0.9288,0.0292,0.9187,0.0333
Median-TS,4,10,0.61,0.0803,0.5544,0.0923
ChronoSeq-vertex,4,10,0.9246,0.0233,0.9139,0.0265
ChronoSeq,4,10,0.6344,0.0285,0.5824,0.032
ChronoSeq-k4,4,10,0.8297,0.0221,0.8055,0.025
ChronoSeq-k16,4,10,0.9213,0.0185,0.9101,0.0211
Seed-before-cut,4,10,0.9618,0.0173,0.9564,0.0197
Leader-BFT,4,10,0.6162,0.0512,0.5616,0.0582
FIFO (Byzantine leader),4,10,1.0,0.0,1.0,0.0
_reach,4,10,,,0.9564,0.0197
_exclusion,4,10,,,0.1192,0.0219
_veto,4,10,,,0.1324,0.0229
_byz_ingress,4,10,0.1246,0.0072,,
_lagmax,4,10,0.2282,0.001,0.0,0.0
DAG+BFT,7,10,0.9924,0.0022,0.9902,0.0029
Median-TS,7,10,0.9871,0.0086,0.9835,0.0111
ChronoSeq-vertex,7,10,0.9889,0.003,0.9858,0.0037
ChronoSeq,7,10,0.7477,0.008,0.6758,0.0114
ChronoSeq-k4,7,10,0.9007,0.0077,0.8724,0.0103
ChronoSeq-k16,7,10,0.9682,0.0044,0.9592,0.0055
Seed-before-cut,7,10,0.9977,0.001,0.9971,0.0012
Leader-BFT,7,10,0.7782,0.0114,0.7151,0.014
FIFO (Byzantine leader),7,10,1.0,0.0,1.0,0.0
_reach,7,10,,,0.9971,0.0012
_exclusion,7,10,,,0.2024,0.0166
_veto,7,10,,,0.224,0.0183
_byz_ingress,7,10,0.2214,0.0161,,
_lagmax,7,10,0.2272,0.0009,0.0,0.0
DAG+BFT,10,10,0.9965,0.0015,0.995,0.0021
Median-TS,10,10,0.9984,0.0011,0.9977,0.0015
ChronoSeq-vertex,10,10,0.9938,0.0019,0.9911,0.0029
ChronoSeq,10,10,0.8,0.0104,0.7123,0.0149
ChronoSeq-k4,10,10,0.9213,0.0045,0.8867,0.007
ChronoSeq-k16,10,10,0.979,0.0017,0.9698,0.0025
Seed-before-cut,10,10,0.998,0.001,0.9971,0.0015
Leader-BFT,10,10,0.8237,0.0149,0.7461,0.0238
FIFO (Byzantine leader),10,10,1.0,0.0,1.0,0.0
_reach,10,10,,,0.9971,0.0015
_exclusion,10,10,,,0.2875,0.0097
_veto,10,10,,,0.3116,0.009
_byz_ingress,10,10,0.3045,0.016,,
_lagmax,10,10,0.2273,0.0018,0.0,0.0
