workload,system,gap_lo,gap_hi,runs,inversion,inversion_ci
uniform,FIFO,0,5,10,0.4198,0.0005
uniform,FIFO,5,10,10,0.3498,0.0007
uniform,FIFO,10,25,10,0.2736,0.0009
uniform,FIFO,25,50,10,0.2231,0.0008
uniform,FIFO,50,100,10,0.1157,0.0008
uniform,FIFO,100,200,10,0.0,0.0
uniform,FIFO,200,400,10,0.0,0.0
uniform,FIFO,400,800,10,0.0,0.0
uniform,FIFO,800,1600,10,0.0,0.0
uniform,Leader-BFT,0,5,10,0.4655,0.001
uniform,Leader-BFT,5,10,10,0.4216,0.0009
uniform,Leader-BFT,10,25,10,0.3494,0.0007
uniform,Leader-BFT,25,50,10,0.2456,0.0011
uniform,Leader-BFT,50,100,10,0.1223,0.0005
uniform,Leader-BFT,100,200,10,0.0056,0.0002
uniform,Leader-BFT,200,400,10,0.0,0.0
uniform,Leader-BFT,400,800,10,0.0,0.0
uniform,Leader-BFT,800,1600,10,0.0,0.0
uniform,DAG+BFT,0,5,10,0.4719,0.0007
uniform,DAG+BFT,5,10,10,0.4365,0.001
uniform,DAG+BFT,10,25,10,0.3745,0.0012
uniform,DAG+BFT,25,50,10,0.2596,0.0011
uniform,DAG+BFT,50,100,10,0.1084,0.0011
uniform,DAG+BFT,100,200,10,0.0107,0.0003
uniform,DAG+BFT,200,400,10,0.0,0.0
uniform,DAG+BFT,400,800,10,0.0,0.0
uniform,DAG+BFT,800,1600,10,0.0,0.0
uniform,Median-TS,0,5,10,0.46,0.0009
uniform,Median-TS,5,10,10,0.387,0.0012
uniform,Median-TS,10,25,10,0.2579,0.0007
uniform,Median-TS,25,50,10,0.0899,0.0006
uniform,Median-TS,50,100,10,0.0135,0.0003
uniform,Median-TS,100,200,10,0.0003,0.0
uniform,Median-TS,200,400,10,0.0,0.0
uniform,Median-TS,400,800,10,0.0,0.0
uniform,Median-TS,800,1600,10,0.0,0.0
uniform,ChronoSeq,0,5,10,0.4959,0.0008
uniform,ChronoSeq,5,10,10,0.488,0.0009
uniform,ChronoSeq,10,25,10,0.4716,0.0008
uniform,ChronoSeq,25,50,10,0.4403,0.0007
uniform,ChronoSeq,50,100,10,0.3814,0.0008
uniform,ChronoSeq,100,200,10,0.2643,0.001
uniform,ChronoSeq,200,400,10,0.0705,0.0005
uniform,ChronoSeq,400,800,10,0.0002,0.0
uniform,ChronoSeq,800,1600,10,0.0,0.0
zipf,FIFO,0,5,10,0.3947,0.0261
zipf,FIFO,5,10,10,0.3224,0.0213
zipf,FIFO,10,25,10,0.2589,0.0131
zipf,FIFO,25,50,10,0.2204,0.0202
zipf,FIFO,50,100,10,0.1123,0.0112
zipf,FIFO,100,200,10,0.0,0.0
zipf,FIFO,200,400,10,0.0,0.0
zipf,FIFO,400,800,10,0.0,0.0
zipf,FIFO,800,1600,10,0.0,0.0
zipf,Leader-BFT,0,5,10,0.4394,0.0029
zipf,Leader-BFT,5,10,10,0.3892,0.0054
zipf,Leader-BFT,10,25,10,0.3189,0.0089
zipf,Leader-BFT,25,50,10,0.2231,0.0114
zipf,Leader-BFT,50,100,10,0.111,0.0088
zipf,Leader-BFT,100,200,10,0.0047,0.0009
zipf,Leader-BFT,200,400,10,0.0,0.0
zipf,Leader-BFT,400,800,10,0.0,0.0
zipf,Leader-BFT,800,1600,10,0.0,0.0
zipf,DAG+BFT,0,5,10,0.4476,0.0019
zipf,DAG+BFT,5,10,10,0.412,0.0026
zipf,DAG+BFT,10,25,10,0.3629,0.002
zipf,DAG+BFT,25,50,10,0.2708,0.0041
zipf,DAG+BFT,50,100,10,0.1382,0.0067
zipf,DAG+BFT,100,200,10,0.0222,0.0036
zipf,DAG+BFT,200,400,10,0.0,0.0
zipf,DAG+BFT,400,800,10,0.0,0.0
zipf,DAG+BFT,800,1600,10,0.0,0.0
zipf,Median-TS,0,5,10,0.4593,0.0013
zipf,Median-TS,5,10,10,0.381,0.0027
zipf,Median-TS,10,25,10,0.2417,0.0052
zipf,Median-TS,25,50,10,0.0756,0.0047
zipf,Median-TS,50,100,10,0.0119,0.0012
zipf,Median-TS,100,200,10,0.0002,0.0
zipf,Median-TS,200,400,10,0.0,0.0
zipf,Median-TS,400,800,10,0.0,0.0
zipf,Median-TS,800,1600,10,0.0,0.0
zipf,ChronoSeq,0,5,10,0.4593,0.001
zipf,ChronoSeq,5,10,10,0.4531,0.001
zipf,ChronoSeq,10,25,10,0.4381,0.0008
zipf,ChronoSeq,25,50,10,0.4084,0.001
zipf,ChronoSeq,50,100,10,0.3542,0.001
zipf,ChronoSeq,100,200,10,0.2444,0.0016
zipf,ChronoSeq,200,400,10,0.0648,0.0011
zipf,ChronoSeq,400,800,10,0.0002,0.0
zipf,ChronoSeq,800,1600,10,0.0,0.0
defi,FIFO,0,5,10,0.4208,0.0005
defi,FIFO,5,10,10,0.3501,0.0012
defi,FIFO,10,25,10,0.2711,0.0009
defi,FIFO,25,50,10,0.2213,0.0009
defi,FIFO,50,100,10,0.1128,0.0007
defi,FIFO,100,200,10,0.0,0.0
defi,FIFO,200,400,10,0.0,0.0
defi,FIFO,400,800,10,0.0,0.0
defi,FIFO,800,1600,10,0.0,0.0
defi,Leader-BFT,0,5,10,0.4629,0.001
defi,Leader-BFT,5,10,10,0.4179,0.0008
defi,Leader-BFT,10,25,10,0.3461,0.0013
defi,Leader-BFT,25,50,10,0.2442,0.0012
defi,Leader-BFT,50,100,10,0.1224,0.0007
defi,Leader-BFT,100,200,10,0.0056,0.0002
defi,Leader-BFT,200,400,10,0.0,0.0
defi,Leader-BFT,400,800,10,0.0,0.0
defi,Leader-BFT,800,1600,10,0.0,0.0
defi,DAG+BFT,0,5,10,0.4675,0.0009
defi,DAG+BFT,5,10,10,0.4333,0.0007
defi,DAG+BFT,10,25,10,0.3711,0.0014
defi,DAG+BFT,25,50,10,0.2585,0.0011
defi,DAG+BFT,50,100,10,0.1091,0.0009
defi,DAG+BFT,100,200,10,0.011,0.0002
defi,DAG+BFT,200,400,10,0.0,0.0
defi,DAG+BFT,400,800,10,0.0,0.0
defi,DAG+BFT,800,1600,10,0.0,0.0
defi,Median-TS,0,5,10,0.4617,0.001
defi,Median-TS,5,10,10,0.3872,0.0009
defi,Median-TS,10,25,10,0.2595,0.0013
defi,Median-TS,25,50,10,0.0911,0.0011
defi,Median-TS,50,100,10,0.0135,0.0003
defi,Median-TS,100,200,10,0.0003,0.0
defi,Median-TS,200,400,10,0.0,0.0
defi,Median-TS,400,800,10,0.0,0.0
defi,Median-TS,800,1600,10,0.0,0.0
defi,ChronoSeq,0,5,10,0.4892,0.001
defi,ChronoSeq,5,10,10,0.4812,0.0011
defi,ChronoSeq,10,25,10,0.4663,0.001
defi,ChronoSeq,25,50,10,0.4343,0.0015
defi,ChronoSeq,50,100,10,0.3772,0.0009
defi,ChronoSeq,100,200,10,0.2612,0.0014
defi,ChronoSeq,200,400,10,0.0703,0.0008
defi,ChronoSeq,400,800,10,0.0003,0.0
defi,ChronoSeq,800,1600,10,0.0,0.0
