system,n,runs,p50,p50_ci,p95,p95_ci,p99,p99_ci
DAG+BFT,8,10,637.2,0.6,780.0,0.9,811.2,0.8
ChronoSeq-fast,8,10,1331.4,0.4,1496.3,0.5,1559.4,1.6
ChronoSeq-safe,8,10,2181.4,0.4,2346.3,0.5,2409.4,1.6
FIFO,8,10,111.1,0.1,149.6,0.0,157.9,0.1
Leader-BFT,8,10,461.7,0.4,604.7,0.6,635.3,0.7
DAG+BFT,16,10,564.8,0.5,704.0,1.1,755.0,1.3
ChronoSeq-fast,16,10,1300.2,0.3,1456.7,0.4,1497.4,0.7
ChronoSeq-safe,16,10,2150.2,0.3,2306.7,0.4,2347.4,0.7
FIFO,16,10,111.1,0.1,149.6,0.0,157.9,0.1
Leader-BFT,16,10,403.9,0.5,531.9,0.6,576.3,1.1
DAG+BFT,32,10,633.3,0.3,773.6,0.4,804.4,0.4
ChronoSeq-fast,32,10,1336.2,0.2,1502.5,0.6,1558.8,0.7
ChronoSeq-safe,32,10,2186.2,0.2,2352.5,0.6,2408.8,0.7
FIFO,32,10,111.1,0.1,149.6,0.0,157.9,0.1
Leader-BFT,32,10,461.9,0.3,603.4,0.4,634.1,0.5
DAG+BFT,64,10,574.3,0.3,712.5,0.5,759.9,0.6
ChronoSeq-fast,64,10,1307.0,0.3,1460.4,0.4,1498.9,0.5
ChronoSeq-safe,64,10,2157.0,0.3,2310.4,0.4,2348.9,0.5
FIFO,64,10,111.1,0.1,149.6,0.0,157.9,0.1
Leader-BFT,64,10,410.4,0.2,539.9,0.3,582.4,0.5
DAG+BFT,128,10,630.6,0.3,769.6,0.4,799.8,0.4
ChronoSeq-fast,128,10,1336.8,0.2,1502.9,0.3,1556.6,0.6
ChronoSeq-safe,128,10,2186.8,0.2,2352.9,0.3,2406.6,0.6
FIFO,128,10,111.1,0.1,149.6,0.0,157.9,0.1
Leader-BFT,128,10,461.9,0.2,601.0,0.4,631.8,0.3
