system,load,runs,p50,p50_ci,p99,p99_ci,load_k
DAG+BFT,2500,10,631.8,0.67,803.8,1.35,2.5
ChronoSeq,2500,10,1334.99,1.24,1556.18,1.34,2.5
FIFO (relay tree),2500,10,100.39,0.21,147.06,0.19,2.5
FIFO (direct),2500,10,115.03,0.19,161.88,0.24,2.5
ChronoSeq (single lane),2500,10,1381.99,2.63,1588.03,3.96,2.5
DAG+BFT,5000,10,630.4,0.84,801.82,0.79,5.0
ChronoSeq,5000,10,1333.44,0.93,1555.93,2.8,5.0
FIFO (relay tree),5000,10,101.81,0.29,148.63,0.16,5.0
FIFO (direct),5000,10,130.69,0.27,177.96,0.13,5.0
ChronoSeq (single lane),5000,10,1371.24,1.37,1568.47,2.59,5.0
DAG+BFT,7500,10,630.68,0.71,802.07,0.96,7.5
ChronoSeq,7500,10,1333.55,0.84,1555.63,1.52,7.5
FIFO (relay tree),7500,10,103.39,0.11,150.18,0.12,7.5
FIFO (direct),7500,10,147.05,0.3,194.61,0.42,7.5
ChronoSeq (single lane),7500,10,1369.33,1.27,1567.15,2.81,7.5
DAG+BFT,10000,10,631.03,0.74,802.31,0.91,10.0
ChronoSeq,10000,10,1334.81,0.82,1556.1,2.22,10.0
FIFO (relay tree),10000,10,104.91,0.09,151.76,0.09,10.0
FIFO (direct),10000,10,1434.87,23.85,2202.68,31.15,10.0
ChronoSeq (single lane),10000,10,2691.48,23.34,3584.67,33.91,10.0
DAG+BFT,25000,10,635.78,0.68,805.75,0.87,25.0
ChronoSeq,25000,10,1339.62,0.41,1561.01,1.14,25.0
FIFO (relay tree),25000,10,114.13,0.09,160.99,0.07,25.0
FIFO (direct),25000,10,10490.31,39.57,16413.32,53.6,25.0
ChronoSeq (single lane),25000,10,11707.67,31.51,17751.66,72.01,25.0
DAG+BFT,50000,10,643.21,1.05,814.0,2.71,50.0
ChronoSeq,50000,10,1349.57,0.66,1572.36,2.11,50.0
FIFO (relay tree),50000,10,129.51,0.05,176.39,0.09,50.0
FIFO (direct),50000,10,25681.48,46.85,40186.01,70.08,50.0
DAG+BFT,100000,10,653.4,0.52,821.35,0.68,100.0
ChronoSeq,100000,10,1363.22,0.49,1588.37,1.48,100.0
FIFO (relay tree),100000,10,1222.56,6.47,1871.38,9.88,100.0
FIFO (direct),100000,10,56083.91,69.94,87738.64,98.55,100.0
DAG+BFT,150000,10,660.75,0.52,825.85,0.74,150.0
ChronoSeq,150000,10,1372.87,0.46,1597.7,0.82,150.0
FIFO (relay tree),150000,10,4133.86,7.14,6432.69,11.36,150.0
FIFO (direct),150000,10,86490.29,79.33,135289.92,121.25,150.0
DAG+BFT,200000,10,681.25,0.7,1478.28,16.07,200.0
ChronoSeq,200000,10,1400.34,0.41,2172.77,15.91,200.0
FIFO (relay tree),200000,10,7050.02,9.37,11016.76,12.86,200.0
FIFO (direct),200000,10,116910.4,98.08,182856.98,138.94,200.0
DAG+BFT,225000,10,704.78,0.83,2343.52,16.16,225.0
ChronoSeq,225000,10,1429.59,1.0,3028.34,16.27,225.0
FIFO (relay tree),225000,10,8510.0,9.97,13315.26,13.71,225.0
FIFO (direct),225000,10,132127.27,103.06,206648.58,141.94,225.0
