load,mb_kib,runs,p50,p50_ci,p99,p99_ci,mean_fill_txs,mean_fill_txs_ci,certify_ms,certify_ms_ci
50000,16,10,1331.6,0.6,1553.6,1.0,32.0,0.0,172.8,0.0
50000,32,10,1343.1,0.4,1566.2,1.0,63.0,0.0,174.6,0.1
50000,64,10,1349.6,0.7,1572.4,2.1,78.9,0.1,175.5,0.0
50000,128,10,1349.5,0.6,1571.3,2.0,78.9,0.1,175.5,0.1
50000,256,10,1349.5,0.6,1571.3,2.0,78.9,0.1,175.5,0.1
50000,512,10,1349.5,0.6,1571.3,2.0,78.9,0.1,175.5,0.1
150000,16,10,1357.7,0.3,1581.3,1.5,32.0,0.0,174.0,0.0
150000,32,10,1362.7,0.2,1586.2,1.4,63.9,0.0,175.0,0.0
150000,64,10,1372.9,0.5,1597.7,0.8,127.8,0.0,177.9,0.1
150000,128,10,1389.6,0.9,1619.6,2.3,227.5,0.1,183.1,0.0
150000,256,10,1391.1,2.2,1618.3,5.7,234.5,0.2,184.2,0.1
150000,512,10,1391.1,2.2,1618.3,5.7,234.5,0.2,184.2,0.1
