mode,system,searcher,runs,win,win_ci
copies,DAG+BFT,SYD,10,0.014,0.011
copies,DAG+BFT,SIN,10,0.016,0.011
copies,DAG+BFT,PDX,10,0.014,0.011
copies,DAG+BFT,MULTI,10,0.956,0.016
copies,Median-TS,SYD,10,0.0,0.0
copies,Median-TS,SIN,10,0.0,0.0
copies,Median-TS,PDX,10,0.0,0.0
copies,Median-TS,MULTI,10,1.0,0.0
copies,ChronoSeq-vertex,SYD,10,0.008,0.008
copies,ChronoSeq-vertex,SIN,10,0.027,0.015
copies,ChronoSeq-vertex,PDX,10,0.007,0.009
copies,ChronoSeq-vertex,MULTI,10,0.958,0.017
copies,ChronoSeq,SYD,10,0.189,0.011
copies,ChronoSeq,SIN,10,0.191,0.047
copies,ChronoSeq,PDX,10,0.217,0.049
copies,ChronoSeq,MULTI,10,0.403,0.048
copies,Leader-BFT,SYD,10,0.019,0.012
copies,Leader-BFT,SIN,10,0.016,0.007
copies,Leader-BFT,PDX,10,0.011,0.009
copies,Leader-BFT,MULTI,10,0.953,0.021
copies,FIFO,SYD,10,0.0,0.0
copies,FIFO,SIN,10,0.0,0.0
copies,FIFO,PDX,10,0.0,0.0
copies,FIFO,MULTI,10,1.0,0.0
sybil,DAG+BFT,SYD,10,0.016,0.009
sybil,DAG+BFT,SIN,10,0.014,0.013
sybil,DAG+BFT,PDX,10,0.025,0.013
sybil,DAG+BFT,MULTI,10,0.945,0.019
sybil,Median-TS,SYD,10,0.0,0.0
sybil,Median-TS,SIN,10,0.0,0.0
sybil,Median-TS,PDX,10,0.0,0.0
sybil,Median-TS,MULTI,10,1.0,0.0
sybil,ChronoSeq-vertex,SYD,10,0.019,0.011
sybil,ChronoSeq-vertex,SIN,10,0.01,0.009
sybil,ChronoSeq-vertex,PDX,10,0.021,0.01
sybil,ChronoSeq-vertex,MULTI,10,0.949,0.014
sybil,ChronoSeq,SYD,10,0.031,0.017
sybil,ChronoSeq,SIN,10,0.024,0.013
sybil,ChronoSeq,PDX,10,0.026,0.016
sybil,ChronoSeq,MULTI,10,0.92,0.024
sybil,Leader-BFT,SYD,10,0.023,0.008
sybil,Leader-BFT,SIN,10,0.019,0.012
sybil,Leader-BFT,PDX,10,0.015,0.013
sybil,Leader-BFT,MULTI,10,0.943,0.014
sybil,FIFO,SYD,10,0.0,0.0
sybil,FIFO,SIN,10,0.0,0.0
sybil,FIFO,PDX,10,0.0,0.0
sybil,FIFO,MULTI,10,1.0,0.0
