t_vdf,runs,p50,p50_ci,p99,p99_ci,t_vdf_ms,a_max
0.0,10,667.144,0.273,879.549,0.787,0.0,0.0
0.15,10,667.152,0.273,879.549,0.787,150.0,0.179
0.3,10,786.239,0.192,1008.849,0.739,300.0,0.357
0.45,10,936.239,0.192,1158.849,0.739,450.0,0.536
0.85,10,1336.239,0.192,1558.849,0.739,850.0,1.012
1.3,10,1786.239,0.192,2008.849,0.739,1300.0,1.548
1.7,10,2186.239,0.192,2408.849,0.739,1700.0,2.024
2.55,10,3036.239,0.192,3258.849,0.739,2550.0,3.036
4.25,10,4736.239,0.192,4958.849,0.739,4250.0,5.06
8.45,10,8936.239,0.192,9158.849,0.739,8450.0,10.06
