m,rep,ns_per_tx,ns_order_per_tx,senders,kept,check
10000,0,962.0,599.7,4311,9900,38
10000,1,818.0,445.3,4312,9901,82
10000,2,878.7,491.4,4325,9904,32
10000,3,828.9,477.0,4307,9889,13
10000,4,806.6,434.9,4293,9897,9b
100000,0,1007.1,611.7,43082,99012,b3
100000,1,1001.4,612.9,43113,99032,d8
100000,2,991.2,605.2,43222,99032,5b
100000,3,936.2,569.6,43133,99011,5e
100000,4,930.0,571.5,43093,98949,f4
1000000,0,1293.7,883.5,431100,990005,06
1000000,1,1236.3,848.4,431191,990051,64
1000000,2,1262.6,884.1,431282,989993,8a
1000000,3,1313.3,898.5,430833,989919,44
1000000,4,1336.7,928.4,430598,990076,8f
