kind,target_s,iters,conc,rep,prove_s,verify_ms
calib,,200000,1,0,1.8066,5.188
calib,,200000,1,1,1.8663,5.383
calib,,200000,1,2,1.7967,6.083
calib,,200000,1,3,1.8828,5.631
calib,,200000,1,4,1.8817,8.349
calib,,200000,1,5,1.7351,6.556
calib,,200000,1,6,1.8128,5.244
calib,,200000,1,7,1.8516,5.705
calib,,200000,1,8,1.7937,5.314
calib,,200000,1,9,1.8043,5.501
target,0.84,99000,1,0,0.8916,6.442
target,0.84,99000,1,1,0.9075,5.183
target,0.84,99000,1,2,0.9200,6.218
target,0.84,99000,1,3,0.9328,5.399
target,0.84,99000,1,4,1.0309,5.917
target,0.84,99000,1,5,0.9085,5.910
target,0.84,99000,1,6,1.0366,7.710
target,0.84,99000,1,7,0.9905,5.217
target,0.84,99000,1,8,1.0231,6.099
target,0.84,99000,1,9,1.0144,6.143
target,1.68,198000,1,0,1.7398,6.346
target,1.68,198000,1,1,1.7809,6.367
target,1.68,198000,1,2,1.7318,5.544
target,1.68,198000,1,3,1.8361,5.761
target,1.68,198000,1,4,1.7779,6.438
target,1.68,198000,1,5,1.9261,5.556
target,1.68,198000,1,6,1.8966,6.204
target,1.68,198000,1,7,1.8144,5.843
target,1.68,198000,1,8,1.8576,5.976
target,1.68,198000,1,9,2.0135,5.520
conc,0.84,99000,1,0,1.0320,5.451
conc,0.84,99000,1,1,0.8821,5.296
conc,0.84,99000,1,2,0.9614,5.994
conc,0.84,99000,1,3,0.9719,5.348
conc,0.84,99000,1,4,0.9166,5.512
conc,0.84,99000,2,0,0.9087,5.822
conc,0.84,99000,2,0,0.9063,8.167
conc,0.84,99000,2,1,0.8817,6.335
conc,0.84,99000,2,1,0.9227,5.396
conc,0.84,99000,2,2,0.9412,6.741
conc,0.84,99000,2,2,0.9280,6.630
conc,0.84,99000,2,3,0.9656,6.102
conc,0.84,99000,2,3,0.9353,5.911
conc,0.84,99000,2,4,0.9230,6.994
conc,0.84,99000,2,4,0.9991,6.853
