n,load,seed,vertex_rate_per_lane,cut_interval,p50_fast
32,20000,1,19.354,0.3250,1.3359
32,20000,2,19.370,0.3256,1.3367
32,20000,3,19.396,0.3255,1.3345
32,20000,4,19.370,0.3246,1.3363
32,20000,5,19.396,0.3273,1.3360
32,20000,6,19.385,0.3241,1.3368
32,20000,7,19.391,0.3251,1.3362
32,20000,8,19.380,0.3252,1.3377
32,20000,9,19.391,0.3261,1.3368
32,20000,10,19.359,0.3239,1.3347
32,225000,1,54.943,0.3246,1.4276
32,225000,2,54.906,0.3239,1.4264
32,225000,3,54.870,0.3251,1.4299
32,225000,4,55.031,0.3253,1.4279
32,225000,5,54.974,0.3243,1.4285
32,225000,6,54.958,0.3256,1.4276
32,225000,7,54.922,0.3236,1.4278
32,225000,8,54.927,0.3238,1.4302
32,225000,9,54.958,0.3251,1.4272
32,225000,10,55.016,0.3251,1.4300
128,20000,1,17.461,0.3206,1.3356
128,20000,2,17.441,0.3214,1.3366
128,20000,3,17.418,0.3208,1.3365
128,20000,4,17.469,0.3200,1.3371
128,20000,5,17.448,0.3210,1.3373
128,20000,6,17.452,0.3201,1.3365
128,20000,7,17.474,0.3210,1.3366
128,20000,8,17.448,0.3202,1.3355
128,20000,9,17.470,0.3226,1.3366
128,20000,10,17.497,0.3208,1.3364
128,225000,1,20.152,0.3207,1.6033
128,225000,2,20.154,0.3215,1.5951
128,225000,3,20.148,0.3200,1.5864
128,225000,4,20.158,0.3213,1.6042
128,225000,5,20.164,0.3216,1.6024
128,225000,6,20.160,0.3204,1.5942
128,225000,7,20.145,0.3206,1.5949
128,225000,8,20.150,0.3213,1.6046
128,225000,9,20.158,0.3220,1.6014
128,225000,10,20.167,0.3204,1.6096
