f,seed,tgt_p50,tgt_p99,tgt_max,tgt_included,other_p50,other_p99,vc,epochs,lagmax
0,1,1.3361166855314925,1.5595429418430626,1.617316061573841,1.0,1.336811594798787,1.5585812059064938,0,50,0.22634797562048536
0,2,1.3365483794090798,1.5594760615958556,1.6149063000331587,1.0,1.337462465435757,1.5584585684985175,0,50,0.2271906170210194
0,3,1.3369334946414684,1.5630901478734103,1.6212740564847001,1.0,1.3376165096602044,1.5612539672933288,0,50,0.22857318712881902
0,4,1.3360219168833947,1.5605343234095894,1.613269990037506,1.0,1.337053819943275,1.5572989748666295,0,50,0.22895723936583856
0,6,1.3340071958222044,1.552852150600975,1.6231501407630295,1.0,1.336297960423467,1.5609748929739737,0,50,0.22758759203732915
0,5,1.3358834519703926,1.5554107539335575,1.6096993769278543,1.0,1.337180423823881,1.5604295715451215,0,50,0.2307762960597337
0,7,1.3359402369614601,1.5593675700357377,1.6126360943354756,1.0,1.3360256282167278,1.5569565666136365,0,50,0.22871885155054494
0,8,1.3365622006168199,1.5590351524343138,1.6195240485056752,1.0,1.3379222623786866,1.5614464402875106,0,50,0.23006146030046182
0,9,1.3391775425018304,1.5612743257516666,1.611359975522328,1.0,1.3371333108365149,1.5585511392467466,0,50,0.23080659290535444
0,10,1.338125628325038,1.5644205207347017,1.6273764690031243,1.0,1.3369042664018602,1.5599790963642883,0,50,0.22704245258547928
1,1,1.3524883427903394,1.9443409982932334,2.374424861964364,1.0,1.3458621705531826,1.76688346094336,0,51,0.2257034932946027
1,2,1.3503050651620612,1.945442701233583,2.344559246436697,1.0,1.3428700729575187,1.6776014688999794,0,51,0.22850607363900716
1,3,1.3477654385525364,1.904235426368695,2.2411380094355158,1.0,1.3408393890552697,1.5949797300013078,0,51,0.22867541199154928
1,4,1.3519628610816428,1.8977677231246357,2.293564524919603,1.0,1.3464625604022302,1.699092559176643,0,51,0.22927562981746918
1,5,1.349135669844589,1.9288319699264775,2.2615786792809143,1.0,1.341029707662532,1.6085528926447736,0,51,0.22954111129465993
1,6,1.3440331474030107,1.9154407804770983,2.258286700492727,1.0,1.3406660878573229,1.614637342562224,0,51,0.23023322815672942
1,7,1.345286891254327,1.7521216488533167,1.8917691194667192,1.0,1.3449944272652363,1.747021349895654,0,50,0.22871885155054494
1,8,1.3434998512849496,1.8652242301543085,2.244111632970416,1.0,1.3417764936500358,1.605690861029764,0,51,0.22743566249404346
1,9,1.3463602825193242,1.9263297455426596,2.243424006822372,1.0,1.339592838722587,1.6044599791827245,0,51,0.23146821664361994
1,10,1.3428597246541365,1.602131868090705,1.7928800873073678,1.0,1.3401248298742612,1.6021996651499872,0,50,0.2261457873672139
4,2,1.378422963633252,2.153598846382275,2.811295769209595,1.0,1.3540093838247178,1.7745352704748063,0,52,0.24154541755039993
4,1,1.4071229812344388,2.285691701788923,2.8483179244754466,1.0,1.3672974992540219,1.7998911340132384,0,52,0.23666943646044558
4,3,1.3859390779963618,2.422511626096397,3.366195305640458,1.0,1.3590742635020368,1.796334434747124,0,54,0.22926114717705737
4,4,1.3911868221729655,2.2067727188036024,2.8772705572868995,1.0,1.358689430158429,1.7850629336526254,0,53,0.22853494354668058
4,5,1.3831634095747045,2.4135037081261075,3.380415997853726,1.0,1.3570008539630596,1.7886951187520457,0,53,0.22443358137356118
4,6,1.384921173865484,2.357369343974475,3.2604480729175584,1.0,1.3532800151664999,1.7291030722839595,0,53,0.23737370642622224
4,7,1.3992903055801484,2.3269883449304825,2.8804075892603755,1.0,1.3594813408358277,1.772552713854731,0,53,0.2223581257946421
4,8,1.3674387778079904,2.13790458390812,2.8428078450763357,1.0,1.352542620994313,1.7516703762815027,0,53,0.22564950209639
4,9,1.3797114256750103,2.2762816593003388,2.8550985685612726,1.0,1.3555971255521149,1.7774191524547227,0,52,0.22616922196546213
4,10,1.3831758767942706,2.409264309918247,3.212125697862481,1.0,1.354599393624504,1.7141190998399845,0,54,0.23279332450715629
7,1,1.4873736041328383,2.5630587293767313,3.334840640047153,1.0,1.3840851149061875,1.8191429580002634,0,54,0.23263169958301688
7,2,1.4325355102280093,2.462181201776591,3.26963968349477,1.0,1.3667764865098397,1.7915160415563651,0,54,0.22603884615240766
7,3,1.449670507704595,2.488809662031988,3.254572951541414,1.0,1.3683446183838655,1.7873828024655634,0,53,0.24298302783831716
7,4,1.4374759240023005,2.614981037244087,3.3912454478499683,1.0,1.3741639397746184,1.8160912458396372,0,53,0.2332486886862739
7,5,1.4363125694085088,2.4907393650113434,3.3497587935340025,1.0,1.3693767393232399,1.798530419411028,0,53,0.22804067089392444
7,6,1.4381433872829401,2.703049927941743,3.642677751234757,1.0,1.3612501262858,1.7693728565425584,0,54,0.22576494531796198
7,7,1.4569929161730748,2.4921058020216558,3.2137877478674355,1.0,1.3800839034803492,1.8199555910992817,0,53,0.2340205240088835
7,8,1.41295111620307,2.449013216058672,3.233523246712828,1.0,1.3619151811130674,1.7741236456473235,0,54,0.23601996509833967
7,9,1.4418810158189803,2.6541918924513217,3.7440783457744695,1.0,1.3759888419969397,1.7960140952853223,0,56,0.24291898539787127
7,10,1.413042388633432,2.3231835574327526,3.2737542817196763,1.0,1.3708836796320512,1.7901680401622038,0,53,0.23261089252888922
10,1,1.5767259256600976,3.5192926440286305,4.7869364150925655,1.0,1.392533612548874,1.8104716204179199,0,58,0.22235211835712043
10,2,1.4668653692810132,3.344597957238335,4.792500080048038,1.0,1.3738734319809662,1.8016158822499104,0,58,0.2342749014198633
10,3,1.48557134366893,3.076771681355849,4.185841109789634,1.0,1.3777285462128734,1.7982168372136784,0,56,0.23059083472169384
10,4,1.5434803385427447,2.8211812755715204,3.7755302303422695,1.0,1.3902662705253324,1.8223318213040942,0,54,0.23639234140031817
10,5,1.4895360348006648,2.9639708073738946,4.1888182538611405,1.0,1.3765893435353984,1.80968465280732,0,55,0.2307301619127351
10,6,1.4976308604581634,2.8235345759453683,3.898753869707196,1.0,1.379581618485176,1.8035270708873083,0,54,0.22729737376884174
10,7,1.5676378263133461,3.0294811631722007,4.127493638046047,1.0,1.392582569565544,1.82299533120195,0,55,0.22482267678121248
10,8,1.4664465606406623,3.3842559222556776,4.693634019015601,1.0,1.3807433541841085,1.8187786284489853,0,57,0.2246928904529728
10,9,1.6157502857964565,3.7765492523434148,4.895774422845202,1.0,1.3826992533027527,1.8084284495717995,0,58,0.22731570751319907
10,10,1.4986105491590518,2.7423975083376373,3.7524271972915813,1.0,1.3902188017895751,1.8282408205287348,0,54,0.23371685181498147
