sigma,spike,f_eq,seed,local_div_epochs,local_incons_vertices,cut_div_epochs,view_changes,lock_fails,timer_late,epochs,p50,p99
0.05,0.0,0,2,0.975609756097561,0.305345404936128,0.0,0,0,0,50,1.3373556129696222,1.5585729581460548
0.05,0.0,0,1,0.975609756097561,0.3061553735418218,0.0,0,0,0,50,1.336750325700046,1.5586856993500016
0.05,0.0,0,3,0.975609756097561,0.30475245067626255,0.0,0,0,0,50,1.3375642489722814,1.56140426447819
0.05,0.0,0,4,0.975609756097561,0.3071862976293906,0.0,0,0,0,50,1.336899300330769,1.557650815183056
0.05,0.0,0,5,0.975609756097561,0.3065276743608836,0.0,0,0,0,50,1.337043279777122,1.5600016760625115
0.05,0.0,0,6,0.975609756097561,0.30697616683217477,0.0,0,0,0,50,1.336092910527201,1.5604998276757955
0.05,0.0,0,8,0.975609756097561,0.3066236665839742,0.0,0,0,0,50,1.3377867623073687,1.5611590945734521
0.05,0.0,0,7,0.975609756097561,0.3077973677675689,0.0,0,0,0,50,1.3360105211541864,1.5572795225056844
0.05,0.0,0,9,0.975609756097561,0.3077018479474141,0.0,0,0,0,50,1.3373416527709718,1.5588284051316208
0.05,0.0,0,10,0.975609756097561,0.30608954483442885,0.0,0,0,0,50,1.3370334467016978,1.5606372154044759
0.25,0.01,0,1,0.9767441860465116,0.45592252296995284,0.0,0,0,0,50,1.3416495209887103,1.5694296223744617
0.25,0.01,0,2,0.9767441860465116,0.4535417442004714,0.0,0,0,0,51,1.33971242355652,1.5635929946880722
0.25,0.01,0,4,0.9761904761904762,0.452153406975301,0.0,0,0,0,50,1.3417267097541723,1.5744046364193753
0.25,0.01,0,3,0.9767441860465116,0.45323741007194246,0.0,0,0,0,50,1.34198803303018,1.5687122945612861
0.25,0.01,0,6,0.9767441860465116,0.47219463753723934,0.0,0,0,0,51,1.3375537343757191,1.5621950462139722
0.25,0.01,0,5,0.9767441860465116,0.45754716981132076,0.0,0,0,0,51,1.3383481761660843,1.5640653452668953
0.25,0.01,0,7,0.9767441860465116,0.45860742211741345,0.0,0,0,0,50,1.3387779283202992,1.5632585921780793
0.25,0.01,0,8,0.9767441860465116,0.46682376286741906,0.0,0,0,0,51,1.3367903102812342,1.5610821270469781
0.25,0.01,0,9,0.9767441860465116,0.4577595831782657,0.0,0,0,0,50,1.3399370882775852,1.5661919587226425
0.25,0.01,0,10,0.9761904761904762,0.457888198757764,0.0,0,0,0,50,1.3418923911986935,1.570489502533393
0.5,0.05,0,1,1.0,0.6789878442073927,0.0,0,0,0,47,1.3878138952612318,1.680674514022968
0.5,0.05,0,2,1.0,0.677623418506574,0.0,0,0,0,47,1.3880885827420624,1.6916934248031783
0.5,0.05,0,3,1.0,0.6691085175068289,0.0,0,0,0,47,1.3886757277418482,1.6793326244055926
0.5,0.05,0,4,1.0,0.688833746898263,0.0,0,0,0,48,1.3851263718962716,1.677355733826067
0.5,0.05,0,5,1.0,0.6686918784872907,0.0,0,0,0,47,1.3881299131697986,1.6899547394229462
0.5,0.05,0,6,1.0,0.6845895939401465,0.0,0,0,0,47,1.3936104208318003,1.7286659504030872
0.5,0.05,0,7,1.0,0.6770910896003971,0.0,0,0,0,47,1.38852822827858,1.6858611973178714
0.5,0.05,0,8,1.0,0.6690254500310366,0.0,0,0,0,47,1.386974804507668,1.6963004117386218
0.5,0.05,0,9,1.0,0.6868172790466733,0.0,0,0,0,47,1.3884836354244268,1.6965151211334284
0.5,0.05,0,10,1.0,0.6699751861042184,0.0,0,0,0,46,1.393816085239104,1.7008217649320603
0.05,0.0,3,1,1.0,0.37093571605857534,0.0,0,0,0,50,1.336750325700046,1.5586856993500016
0.05,0.0,3,2,1.0,0.3705816693538385,0.0,0,0,0,50,1.3373556129696222,1.5585729581460548
0.05,0.0,3,3,1.0,0.36927658518426604,0.0,0,0,0,50,1.3375642489722814,1.56140426447819
0.05,0.0,3,4,1.0,0.3724711431053742,0.0,0,0,0,50,1.336899300330769,1.557650815183056
0.05,0.0,3,5,1.0,0.3705634152395135,0.0,0,0,0,50,1.337043279777122,1.5600016760625115
0.05,0.0,3,6,1.0,0.37189672293942405,0.0,0,0,0,50,1.336092910527201,1.5604998276757955
0.05,0.0,3,7,1.0,0.3727340451949342,0.0,0,0,0,50,1.3360105211541864,1.5572795225056844
0.05,0.0,3,8,1.0,0.37199206152319525,0.0,0,0,0,50,1.3377867623073687,1.5611590945734521
0.05,0.0,3,9,1.0,0.3731861589978916,0.0,0,0,0,50,1.3373416527709718,1.5588284051316208
0.05,0.0,3,10,1.0,0.3710777626193724,0.0,0,0,0,50,1.3370334467016978,1.5606372154044759
0.25,0.01,3,1,1.0,0.5074497144276137,0.0,0,0,0,50,1.3416495209887103,1.5694296223744617
0.25,0.01,3,2,1.0,0.5044039201091676,0.0,0,0,0,51,1.33971242355652,1.5635929946880722
0.25,0.01,3,3,1.0,0.5037211610022327,0.0,0,0,0,50,1.34198803303018,1.5687122945612861
0.25,0.01,3,4,1.0,0.5036614124363907,0.0,0,0,0,50,1.3417267097541723,1.5744046364193753
0.25,0.01,3,5,1.0,0.5078202581926514,0.0,0,0,0,51,1.3383481761660843,1.5640653452668953
0.25,0.01,3,6,1.0,0.5207298907646475,0.0,0,0,0,51,1.3375537343757191,1.5621950462139722
0.25,0.01,3,7,1.0,0.5088742708204046,0.0,0,0,0,50,1.3387779283202992,1.5632585921780793
0.25,0.01,3,8,1.0,0.5170532060027285,0.0,0,0,0,51,1.3367903102812342,1.5610821270469781
0.25,0.01,3,9,1.0,0.5082495968242153,0.0,0,0,0,50,1.3399370882775852,1.5661919587226425
0.25,0.01,3,10,1.0,0.5091925465838509,0.0,0,0,0,50,1.3418923911986935,1.570489502533393
0.5,0.05,3,1,1.0,0.7077648226246589,0.0,0,0,0,47,1.3878138952612318,1.680674514022968
0.5,0.05,3,2,1.0,0.7093773257256264,0.0,0,0,0,47,1.3880885827420624,1.6916934248031783
0.5,0.05,3,3,1.0,0.698162403774522,0.0,0,0,0,47,1.3886757277418482,1.6793326244055926
0.5,0.05,3,4,1.0,0.716501240694789,0.0,0,0,0,48,1.3851263718962716,1.677355733826067
0.5,0.05,3,5,1.0,0.6993180409175449,0.0,0,0,0,47,1.3881299131697986,1.6899547394229462
0.5,0.05,3,6,1.0,0.713771265366944,0.0,0,0,0,47,1.3936104208318003,1.7286659504030872
0.5,0.05,3,7,1.0,0.7076197567634649,0.0,0,0,0,47,1.38852822827858,1.6858611973178714
0.5,0.05,3,8,1.0,0.7016759776536313,0.0,0,0,0,47,1.386974804507668,1.6963004117386218
0.5,0.05,3,9,1.0,0.7149950347567031,0.0,0,0,0,47,1.3884836354244268,1.6965151211334284
0.5,0.05,3,10,1.0,0.7040942928039702,0.0,0,0,0,46,1.393816085239104,1.7008217649320603
