f,seed,system,success,success_honest_ingress
1,1,DAG+BFT,0.705,0.6977459016393442
1,1,Median-TS,0.077,0.05430327868852459
1,1,ChronoSeq-vertex,0.61,0.6004098360655737
1,1,ChronoSeq,0.432,0.4180327868852459
1,1,ChronoSeq-k4,0.657,0.6485655737704918
1,1,ChronoSeq-k16,0.78,0.7745901639344263
1,1,Seed-before-cut,0.817,0.8125
1,1,Leader-BFT,0.126,0.10450819672131148
1,1,FIFO (Byzantine leader),1.0,1.0
1,1,_reach,,0.8125
1,1,_exclusion,,0.02663934426229508
1,1,_veto,,0.031762295081967214
1,1,_byz_ingress,0.024,
1,1,_lagmax,0.22679416681410913,0.0
1,2,DAG+BFT,0.669,0.6566390041493776
1,2,Median-TS,0.065,0.03008298755186722
1,2,ChronoSeq-vertex,0.596,0.5809128630705395
1,2,ChronoSeq,0.453,0.43257261410788383
1,2,ChronoSeq-k4,0.662,0.6493775933609959
1,2,ChronoSeq-k16,0.759,0.75
1,2,Seed-before-cut,0.8,0.7925311203319502
1,2,Leader-BFT,0.116,0.08298755186721991
1,2,FIFO (Byzantine leader),1.0,1.0
1,2,_reach,,0.7925311203319502
1,2,_exclusion,,0.021784232365145227
1,2,_veto,,0.024896265560165973
1,2,_byz_ingress,0.036,
1,2,_lagmax,0.2271906170210194,0.0
1,3,DAG+BFT,0.633,0.6220391349124614
1,3,Median-TS,0.11,0.08341915550978372
1,3,ChronoSeq-vertex,0.612,0.6004119464469619
1,3,ChronoSeq,0.437,0.42018537590113286
1,3,ChronoSeq-k4,0.66,0.6498455200823893
1,3,ChronoSeq-k16,0.76,0.752832131822863
1,3,Seed-before-cut,0.802,0.796086508753862
1,3,Leader-BFT,0.183,0.15859938208032956
1,3,FIFO (Byzantine leader),1.0,1.0
1,3,_reach,,0.796086508753862
1,3,_exclusion,,0.021627188465499485
1,3,_veto,,0.021627188465499485
1,3,_byz_ingress,0.029,
1,3,_lagmax,0.22857318712881902,0.0
1,4,DAG+BFT,0.695,0.6862139917695473
1,4,Median-TS,0.127,0.10185185185185185
1,4,ChronoSeq-vertex,0.62,0.6090534979423868
1,4,ChronoSeq,0.454,0.4382716049382716
1,4,ChronoSeq-k4,0.672,0.6625514403292181
1,4,ChronoSeq-k16,0.778,0.7716049382716049
1,4,Seed-before-cut,0.826,0.8209876543209876
1,4,Leader-BFT,0.186,0.16255144032921812
1,4,FIFO (Byzantine leader),1.0,1.0
1,4,_reach,,0.8209876543209876
1,4,_exclusion,,0.044238683127572016
1,4,_veto,,0.05452674897119342
1,4,_byz_ingress,0.028,
1,4,_lagmax,0.22895723936583856,0.0
1,6,DAG+BFT,0.611,0.5997942386831275
1,6,Median-TS,0.102,0.07613168724279835
1,6,ChronoSeq-vertex,0.558,0.5452674897119342
1,6,ChronoSeq,0.379,0.3611111111111111
1,6,ChronoSeq-k4,0.637,0.6265432098765432
1,6,ChronoSeq-k16,0.728,0.720164609053498
1,6,Seed-before-cut,0.769,0.7623456790123457
1,6,Leader-BFT,0.19,0.16666666666666666
1,6,FIFO (Byzantine leader),1.0,1.0
1,6,_reach,,0.7623456790123457
1,6,_exclusion,,0.018518518518518517
1,6,_veto,,0.01954732510288066
1,6,_byz_ingress,0.028,
1,6,_lagmax,0.22758759203732915,0.0
1,5,DAG+BFT,0.705,0.6961894953656025
1,5,Median-TS,0.136,0.1101956745623069
1,5,ChronoSeq-vertex,0.607,0.5952626158599382
1,5,ChronoSeq,0.449,0.4325437693099897
1,5,ChronoSeq-k4,0.665,0.654994850669413
1,5,ChronoSeq-k16,0.788,0.7816683831101957
1,5,Seed-before-cut,0.837,0.8321318228630278
1,5,Leader-BFT,0.181,0.15653964984552007
1,5,FIFO (Byzantine leader),1.0,1.0
1,5,_reach,,0.8321318228630278
1,5,_exclusion,,0.02059732234809475
1,5,_veto,,0.026776519052523172
1,5,_byz_ingress,0.029,
1,5,_lagmax,0.22912232350484468,0.0
1,7,DAG+BFT,0.669,0.6566390041493776
1,7,Median-TS,0.093,0.05912863070539419
1,7,ChronoSeq-vertex,0.605,0.5902489626556017
1,7,ChronoSeq,0.434,0.41286307053941906
1,7,ChronoSeq-k4,0.683,0.671161825726141
1,7,ChronoSeq-k16,0.783,0.774896265560166
1,7,Seed-before-cut,0.818,0.8112033195020747
1,7,Leader-BFT,0.13,0.0975103734439834
1,7,FIFO (Byzantine leader),1.0,1.0
1,7,_reach,,0.8112033195020747
1,7,_exclusion,,0.029045643153526972
1,7,_veto,,0.035269709543568464
1,7,_byz_ingress,0.036,
1,7,_lagmax,0.22871885155054494,0.0
1,8,DAG+BFT,0.636,0.6235780765253361
1,8,Median-TS,0.11,0.0796277145811789
1,8,ChronoSeq-vertex,0.568,0.5532574974146846
1,8,ChronoSeq,0.439,0.41985522233712513
1,8,ChronoSeq-k4,0.637,0.6246122026887281
1,8,ChronoSeq-k16,0.763,0.7549120992761117
1,8,Seed-before-cut,0.795,0.7880041365046536
1,8,Leader-BFT,0.181,0.15305067218200621
1,8,FIFO (Byzantine leader),1.0,1.0
1,8,_reach,,0.7880041365046536
1,8,_exclusion,,0.03619441571871768
1,8,_veto,,0.03619441571871768
1,8,_byz_ingress,0.033,
1,8,_lagmax,0.23006146030046182,0.0
1,9,DAG+BFT,0.647,0.6322916666666667
1,9,Median-TS,0.116,0.07916666666666666
1,9,ChronoSeq-vertex,0.578,0.5604166666666667
1,9,ChronoSeq,0.438,0.41458333333333336
1,9,ChronoSeq-k4,0.646,0.63125
1,9,ChronoSeq-k16,0.746,0.7354166666666667
1,9,Seed-before-cut,0.791,0.7822916666666667
1,9,Leader-BFT,0.18,0.14583333333333334
1,9,FIFO (Byzantine leader),1.0,1.0
1,9,_reach,,0.7822916666666667
1,9,_exclusion,,0.022916666666666665
1,9,_veto,,0.026041666666666668
1,9,_byz_ingress,0.04,
1,9,_lagmax,0.2284856773475159,0.0
1,10,DAG+BFT,0.709,0.7003089598352215
1,10,Median-TS,0.149,0.12358393408856849
1,10,ChronoSeq-vertex,0.621,0.6096807415036045
1,10,ChronoSeq,0.421,0.40370751802265703
1,10,ChronoSeq-k4,0.708,0.6992790937178167
1,10,ChronoSeq-k16,0.813,0.8074150360453141
1,10,Seed-before-cut,0.858,0.8537590113285273
1,10,Leader-BFT,0.195,0.1709577754891864
1,10,FIFO (Byzantine leader),1.0,1.0
1,10,_reach,,0.8537590113285273
1,10,_exclusion,,0.028836251287332648
1,10,_veto,,0.035015447991761074
1,10,_byz_ingress,0.029,
1,10,_lagmax,0.22704245258547928,0.0
4,1,DAG+BFT,0.982,0.9792865362485615
4,1,Median-TS,0.762,0.7261219792865362
4,1,ChronoSeq-vertex,0.973,0.9689298043728424
4,1,ChronoSeq,0.7,0.6547756041426928
4,1,ChronoSeq-k4,0.875,0.856156501726122
4,1,ChronoSeq-k16,0.962,0.956271576524741
4,1,Seed-before-cut,0.994,0.9930955120828538
4,1,Leader-BFT,0.736,0.6962025316455697
4,1,FIFO (Byzantine leader),1.0,1.0
4,1,_reach,,0.9930955120828538
4,1,_exclusion,,0.10241657077100115
4,1,_veto,,0.11277330264672036
4,1,_byz_ingress,0.131,
4,1,_lagmax,0.23004540055623224,0.0
4,2,DAG+BFT,0.983,0.9806818181818182
4,2,Median-TS,0.741,0.7056818181818182
4,2,ChronoSeq-vertex,0.962,0.9568181818181818
4,2,ChronoSeq,0.665,0.6193181818181818
4,2,ChronoSeq-k4,0.858,0.8386363636363636
4,2,ChronoSeq-k16,0.951,0.9443181818181818
4,2,Seed-before-cut,0.997,0.9965909090909091
4,2,Leader-BFT,0.689,0.6465909090909091
4,2,FIFO (Byzantine leader),1.0,1.0
4,2,_reach,,0.9965909090909091
4,2,_exclusion,,0.08636363636363636
4,2,_veto,,0.10340909090909091
4,2,_byz_ingress,0.12,
4,2,_lagmax,0.2259735665474354,0.0
4,3,DAG+BFT,0.893,0.8788221970554927
4,3,Median-TS,0.565,0.507361268403171
4,3,ChronoSeq-vertex,0.904,0.8912797281993206
4,3,ChronoSeq,0.6,0.5469988674971688
4,3,ChronoSeq-k4,0.816,0.7916194790486977
4,3,ChronoSeq-k16,0.898,0.8844847112117781
4,3,Seed-before-cut,0.941,0.9331823329558324
4,3,Leader-BFT,0.504,0.43827859569648925
4,3,FIFO (Byzantine leader),1.0,1.0
4,3,_reach,,0.9331823329558324
4,3,_exclusion,,0.1404303510758777
4,3,_veto,,0.16081540203850508
4,3,_byz_ingress,0.117,
4,3,_lagmax,0.22780355029150856,0.0
4,4,DAG+BFT,0.995,0.9942726231386025
4,4,Median-TS,0.77,0.736540664375716
4,4,ChronoSeq-vertex,0.975,0.9713631156930126
4,4,ChronoSeq,0.689,0.6437571592210768
4,4,ChronoSeq-k4,0.883,0.865979381443299
4,4,ChronoSeq-k16,0.96,0.9541809851088202
4,4,Seed-before-cut,0.996,0.995418098510882
4,4,Leader-BFT,0.7,0.6563573883161512
4,4,FIFO (Byzantine leader),1.0,1.0
4,4,_reach,,0.995418098510882
4,4,_exclusion,,0.16953035509736541
4,4,_veto,,0.17983963344788087
4,4,_byz_ingress,0.127,
4,4,_lagmax,0.2266122276504987,0.0
4,5,DAG+BFT,0.889,0.8744343891402715
4,5,Median-TS,0.482,0.41402714932126694
4,5,ChronoSeq-vertex,0.9,0.8868778280542986
4,5,ChronoSeq,0.606,0.5542986425339367
4,5,ChronoSeq-k4,0.81,0.7850678733031674
4,5,ChronoSeq-k16,0.904,0.8914027149321267
4,5,Seed-before-cut,0.939,0.9309954751131222
4,5,Leader-BFT,0.592,0.5384615384615384
4,5,FIFO (Byzantine leader),1.0,1.0
4,5,_reach,,0.9309954751131222
4,5,_exclusion,,0.1255656108597285
4,5,_veto,,0.1414027149321267
4,5,_byz_ingress,0.116,
4,5,_lagmax,0.22905494826236028,0.0
4,6,DAG+BFT,0.915,0.9036281179138322
4,6,Median-TS,0.543,0.481859410430839
4,6,ChronoSeq-vertex,0.89,0.8752834467120182
4,6,ChronoSeq,0.587,0.5317460317460317
4,6,ChronoSeq-k4,0.794,0.7664399092970522
4,6,ChronoSeq-k16,0.898,0.8843537414965986
4,6,Seed-before-cut,0.943,0.935374149659864
4,6,Leader-BFT,0.573,0.5158730158730159
4,6,FIFO (Byzantine leader),1.0,1.0
4,6,_reach,,0.935374149659864
4,6,_exclusion,,0.08049886621315193
4,6,_veto,,0.08503401360544217
4,6,_byz_ingress,0.118,
4,6,_lagmax,0.22878055688075438,0.0
4,7,DAG+BFT,0.908,0.8946162657502864
4,7,Median-TS,0.64,0.5876288659793815
4,7,ChronoSeq-vertex,0.923,0.9117983963344788
4,7,ChronoSeq,0.65,0.5990836197021764
4,7,ChronoSeq-k4,0.819,0.7926689576174112
4,7,ChronoSeq-k16,0.919,0.9072164948453608
4,7,Seed-before-cut,0.959,0.9530355097365406
4,7,Leader-BFT,0.626,0.5715922107674685
4,7,FIFO (Byzantine leader),1.0,1.0
4,7,_reach,,0.9530355097365406
4,7,_exclusion,,0.16151202749140894
4,7,_veto,,0.1775486827033219
4,7,_byz_ingress,0.127,
4,7,_lagmax,0.229508386567721,0.0
4,8,DAG+BFT,0.913,0.8983644859813084
4,8,Median-TS,0.502,0.4182242990654206
4,8,ChronoSeq-vertex,0.908,0.8925233644859814
4,8,ChronoSeq,0.625,0.5619158878504673
4,8,ChronoSeq-k4,0.809,0.7768691588785047
4,8,ChronoSeq-k16,0.907,0.8913551401869159
4,8,Seed-before-cut,0.948,0.9392523364485982
4,8,Leader-BFT,0.574,0.5023364485981309
4,8,FIFO (Byzantine leader),1.0,1.0
4,8,_reach,,0.9392523364485982
4,8,_exclusion,,0.10514018691588785
4,8,_veto,,0.1191588785046729
4,8,_byz_ingress,0.144,
4,8,_lagmax,0.22822012310048034,0.0
4,10,DAG+BFT,0.903,0.890888638920135
4,10,Median-TS,0.594,0.5433070866141733
4,10,ChronoSeq-vertex,0.908,0.8965129358830146
4,10,ChronoSeq,0.625,0.578177727784027
4,10,ChronoSeq-k4,0.807,0.7829021372328459
4,10,ChronoSeq-k16,0.906,0.8942632170978627
4,10,Seed-before-cut,0.956,0.9505061867266592
4,10,Leader-BFT,0.6,0.5500562429696289
4,10,FIFO (Byzantine leader),1.0,1.0
4,10,_reach,,0.9505061867266592
4,10,_exclusion,,0.12485939257592801
4,10,_veto,,0.13160854893138357
4,10,_byz_ingress,0.111,
4,10,_lagmax,0.22648660062670345,0.0
4,9,DAG+BFT,0.907,0.892485549132948
4,9,Median-TS,0.501,0.423121387283237
4,9,ChronoSeq-vertex,0.903,0.8878612716763006
4,9,ChronoSeq,0.597,0.5341040462427745
4,9,ChronoSeq-k4,0.826,0.7988439306358381
4,9,ChronoSeq-k16,0.908,0.8936416184971099
4,9,Seed-before-cut,0.945,0.9364161849710982
4,9,Leader-BFT,0.568,0.500578034682081
4,9,FIFO (Byzantine leader),1.0,1.0
4,9,_reach,,0.9364161849710982
4,9,_exclusion,,0.09595375722543352
4,9,_veto,,0.11213872832369942
4,9,_byz_ingress,0.135,
4,9,_lagmax,0.22932602874177288,0.0
7,2,DAG+BFT,0.992,0.9894459102902374
7,2,Median-TS,0.997,0.996042216358839
7,2,ChronoSeq-vertex,0.994,0.9920844327176781
7,2,ChronoSeq,0.738,0.6543535620052771
7,2,ChronoSeq-k4,0.911,0.8825857519788918
7,2,ChronoSeq-k16,0.971,0.9617414248021108
7,2,Seed-before-cut,0.999,0.9986807387862797
7,2,Leader-BFT,0.789,0.7216358839050132
7,2,FIFO (Byzantine leader),1.0,1.0
7,2,_reach,,0.9986807387862797
7,2,_exclusion,,0.18337730870712401
7,2,_veto,,0.20976253298153033
7,2,_byz_ingress,0.242,
7,2,_lagmax,0.2287524998534387,0.0
7,1,DAG+BFT,0.992,0.9897304236200257
7,1,Median-TS,0.979,0.9730423620025674
7,1,ChronoSeq-vertex,0.989,0.9858793324775353
7,1,ChronoSeq,0.762,0.6944801026957638
7,1,ChronoSeq-k4,0.884,0.8510911424903723
7,1,ChronoSeq-k16,0.962,0.9512195121951219
7,1,Seed-before-cut,0.997,0.9961489088575096
7,1,Leader-BFT,0.791,0.7317073170731707
7,1,FIFO (Byzantine leader),1.0,1.0
7,1,_reach,,0.9961489088575096
7,1,_exclusion,,0.220795892169448
7,1,_veto,,0.24261874197689345
7,1,_byz_ingress,0.221,
7,1,_lagmax,0.2262588069535063,0.0
7,3,DAG+BFT,0.991,0.988110964332893
7,3,Median-TS,0.988,0.9841479524438573
7,3,ChronoSeq-vertex,0.994,0.9920739762219286
7,3,ChronoSeq,0.76,0.6829590488771466
7,3,ChronoSeq-k4,0.915,0.8877146631439894
7,3,ChronoSeq-k16,0.969,0.9590488771466315
7,3,Seed-before-cut,0.999,0.9986789960369881
7,3,Leader-BFT,0.794,0.7278731836195509
7,3,FIFO (Byzantine leader),1.0,1.0
7,3,_reach,,0.9986789960369881
7,3,_exclusion,,0.19947159841479525
7,3,_veto,,0.22324966974900926
7,3,_byz_ingress,0.243,
7,3,_lagmax,0.2274094219144862,0.0
7,4,DAG+BFT,0.998,0.9974619289340102
7,4,Median-TS,0.975,0.9682741116751269
7,4,ChronoSeq-vertex,0.983,0.9784263959390863
7,4,ChronoSeq,0.741,0.6713197969543148
7,4,ChronoSeq-k4,0.907,0.881979695431472
7,4,ChronoSeq-k16,0.975,0.9682741116751269
7,4,Seed-before-cut,0.997,0.9961928934010152
7,4,Leader-BFT,0.781,0.7220812182741116
7,4,FIFO (Byzantine leader),1.0,1.0
7,4,_reach,,0.9961928934010152
7,4,_exclusion,,0.18908629441624367
7,4,_veto,,0.20939086294416243
7,4,_byz_ingress,0.212,
7,4,_lagmax,0.2265986498001329,0.0
7,5,DAG+BFT,0.986,0.9822109275730623
7,5,Median-TS,0.994,0.9923761118170267
7,5,ChronoSeq-vertex,0.986,0.9822109275730623
7,5,ChronoSeq,0.742,0.6721728081321474
7,5,ChronoSeq-k4,0.885,0.8538754764930114
7,5,ChronoSeq-k16,0.955,0.9428208386277002
7,5,Seed-before-cut,0.997,0.9961880559085133
7,5,Leader-BFT,0.766,0.7026683608640406
7,5,FIFO (Byzantine leader),1.0,1.0
7,5,_reach,,0.9961880559085133
7,5,_exclusion,,0.2096569250317662
7,5,_veto,,0.22744599745870395
7,5,_byz_ingress,0.213,
7,5,_lagmax,0.22498622788523975,0.0
7,6,DAG+BFT,0.991,0.9879518072289156
7,6,Median-TS,0.994,0.9919678714859438
7,6,ChronoSeq-vertex,0.987,0.9825970548862115
7,6,ChronoSeq,0.75,0.6653279785809906
7,6,ChronoSeq-k4,0.894,0.85809906291834
7,6,ChronoSeq-k16,0.974,0.965194109772423
7,6,Seed-before-cut,0.998,0.9973226238286479
7,6,Leader-BFT,0.763,0.6827309236947792
7,6,FIFO (Byzantine leader),1.0,1.0
7,6,_reach,,0.9973226238286479
7,6,_exclusion,,0.18473895582329317
7,6,_veto,,0.20214190093708165
7,6,_byz_ingress,0.253,
7,6,_lagmax,0.2262298140069614,0.0
7,7,DAG+BFT,0.994,0.9926470588235294
7,7,Median-TS,0.994,0.9926470588235294
7,7,ChronoSeq-vertex,0.984,0.9803921568627451
7,7,ChronoSeq,0.758,0.7034313725490197
7,7,ChronoSeq-k4,0.908,0.8872549019607843
7,7,ChronoSeq-k16,0.968,0.9607843137254902
7,7,Seed-before-cut,0.995,0.9938725490196079
7,7,Leader-BFT,0.759,0.7046568627450981
7,7,FIFO (Byzantine leader),1.0,1.0
7,7,_reach,,0.9938725490196079
7,7,_exclusion,,0.23651960784313725
7,7,_veto,,0.26838235294117646
7,7,_byz_ingress,0.184,
7,7,_lagmax,0.22716475206780196,0.0
7,8,DAG+BFT,0.992,0.9895424836601308
7,8,Median-TS,0.996,0.9947712418300654
7,8,ChronoSeq-vertex,0.987,0.9830065359477124
7,8,ChronoSeq,0.757,0.6823529411764706
7,8,ChronoSeq-k4,0.9,0.869281045751634
7,8,ChronoSeq-k16,0.974,0.9660130718954248
7,8,Seed-before-cut,0.999,0.9986928104575163
7,8,Leader-BFT,0.8,0.738562091503268
7,8,FIFO (Byzantine leader),1.0,1.0
7,8,_reach,,0.9986928104575163
7,8,_exclusion,,0.1607843137254902
7,8,_veto,,0.17777777777777778
7,8,_byz_ingress,0.235,
7,8,_lagmax,0.22782111872257893,0.0
7,9,DAG+BFT,0.995,0.9935897435897436
7,9,Median-TS,0.96,0.9487179487179487
7,9,ChronoSeq-vertex,0.991,0.9884615384615385
7,9,ChronoSeq,0.73,0.6538461538461539
7,9,ChronoSeq-k4,0.896,0.8666666666666667
7,9,ChronoSeq-k16,0.965,0.9551282051282052
7,9,Seed-before-cut,0.997,0.9961538461538462
7,9,Leader-BFT,0.756,0.6871794871794872
7,9,FIFO (Byzantine leader),1.0,1.0
7,9,_reach,,0.9961538461538462
7,9,_exclusion,,0.22564102564102564
7,9,_veto,,0.24102564102564103
7,9,_byz_ingress,0.22,
7,9,_lagmax,0.22871124789673125,0.0
7,10,DAG+BFT,0.993,0.9913473423980222
7,10,Median-TS,0.994,0.992583436341162
7,10,ChronoSeq-vertex,0.994,0.992583436341162
7,10,ChronoSeq,0.739,0.6773794808405439
7,10,ChronoSeq-k4,0.907,0.8850432632880099
7,10,ChronoSeq-k16,0.969,0.9616810877626699
7,10,Seed-before-cut,0.999,0.9987639060568603
7,10,Leader-BFT,0.783,0.7317676143386898
7,10,FIFO (Byzantine leader),1.0,1.0
7,10,_reach,,0.9987639060568603
7,10,_exclusion,,0.2138442521631644
7,10,_veto,,0.23856613102595797
7,10,_byz_ingress,0.191,
7,10,_lagmax,0.22792138511601046,0.0
10,1,DAG+BFT,0.994,0.9914651493598862
10,1,Median-TS,0.996,0.9943100995732574
10,1,ChronoSeq-vertex,0.995,0.9928876244665719
10,1,ChronoSeq,0.805,0.7226173541963016
10,1,ChronoSeq-k4,0.918,0.883357041251778
10,1,ChronoSeq-k16,0.976,0.9658605974395448
10,1,Seed-before-cut,0.996,0.9943100995732574
10,1,Leader-BFT,0.85,0.786628733997155
10,1,FIFO (Byzantine leader),1.0,1.0
10,1,_reach,,0.9943100995732574
10,1,_exclusion,,0.283072546230441
10,1,_veto,,0.3058321479374111
10,1,_byz_ingress,0.297,
10,1,_lagmax,0.2233023206947813,0.0
10,2,DAG+BFT,0.999,0.9985652797704447
10,2,Median-TS,1.0,1.0
10,2,ChronoSeq-vertex,0.992,0.9885222381635581
10,2,ChronoSeq,0.781,0.6857962697274032
10,2,ChronoSeq-k4,0.914,0.8766140602582496
10,2,ChronoSeq-k16,0.981,0.9727403156384505
10,2,Seed-before-cut,0.997,0.9956958393113343
10,2,Leader-BFT,0.825,0.7489239598278336
10,2,FIFO (Byzantine leader),1.0,1.0
10,2,_reach,,0.9956958393113343
10,2,_exclusion,,0.28263988522238165
10,2,_veto,,0.3113342898134864
10,2,_byz_ingress,0.303,
10,2,_lagmax,0.2273938915208582,0.0
10,4,DAG+BFT,0.998,0.9970282317979198
10,4,Median-TS,0.999,0.9985141158989599
10,4,ChronoSeq-vertex,0.994,0.9910846953937593
10,4,ChronoSeq,0.794,0.6939078751857355
10,4,ChronoSeq-k4,0.917,0.8766716196136701
10,4,ChronoSeq-k16,0.978,0.9673105497771174
10,4,Seed-before-cut,0.997,0.9955423476968797
10,4,Leader-BFT,0.853,0.7815750371471025
10,4,FIFO (Byzantine leader),1.0,1.0
10,4,_reach,,0.9955423476968797
10,4,_exclusion,,0.2763744427934621
10,4,_veto,,0.31054977711738485
10,4,_byz_ingress,0.327,
10,4,_lagmax,0.2318305508045091,0.0
10,3,DAG+BFT,0.995,0.9929971988795518
10,3,Median-TS,0.996,0.9943977591036415
10,3,ChronoSeq-vertex,0.993,0.9901960784313726
10,3,ChronoSeq,0.789,0.7044817927170869
10,3,ChronoSeq-k4,0.929,0.9005602240896359
10,3,ChronoSeq-k16,0.983,0.9761904761904762
10,3,Seed-before-cut,0.999,0.9985994397759104
10,3,Leader-BFT,0.816,0.742296918767507
10,3,FIFO (Byzantine leader),1.0,1.0
10,3,_reach,,0.9985994397759104
10,3,_exclusion,,0.28291316526610644
10,3,_veto,,0.3067226890756303
10,3,_byz_ingress,0.286,
10,3,_lagmax,0.22940867574477863,0.0
10,5,DAG+BFT,0.995,0.9926362297496318
10,5,Median-TS,0.998,0.9970544918998527
10,5,ChronoSeq-vertex,0.997,0.9955817378497791
10,5,ChronoSeq,0.803,0.7098674521354934
10,5,ChronoSeq-k4,0.928,0.8939617083946981
10,5,ChronoSeq-k16,0.981,0.9720176730486009
10,5,Seed-before-cut,1.0,1.0
10,5,Leader-BFT,0.803,0.7098674521354934
10,5,FIFO (Byzantine leader),1.0,1.0
10,5,_reach,,1.0
10,5,_exclusion,,0.27982326951399117
10,5,_veto,,0.3004418262150221
10,5,_byz_ingress,0.321,
10,5,_lagmax,0.23014814467071254,0.0
10,6,DAG+BFT,0.999,0.9985207100591716
10,6,Median-TS,1.0,1.0
10,6,ChronoSeq-vertex,0.998,0.9970414201183432
10,6,ChronoSeq,0.811,0.7204142011834319
10,6,ChronoSeq-k4,0.919,0.8801775147928994
10,6,ChronoSeq-k16,0.979,0.9689349112426036
10,6,Seed-before-cut,1.0,1.0
10,6,Leader-BFT,0.838,0.7603550295857988
10,6,FIFO (Byzantine leader),1.0,1.0
10,6,_reach,,1.0
10,6,_exclusion,,0.27958579881656803
10,6,_veto,,0.2958579881656805
10,6,_byz_ingress,0.324,
10,6,_lagmax,0.22624749090578167,0.0
10,8,DAG+BFT,0.998,0.9972337482710927
10,8,Median-TS,1.0,1.0
10,8,ChronoSeq-vertex,0.995,0.9930843706777317
10,8,ChronoSeq,0.814,0.7427385892116183
10,8,ChronoSeq-k4,0.931,0.9045643153526971
10,8,ChronoSeq-k16,0.979,0.970954356846473
10,8,Seed-before-cut,0.999,0.9986168741355463
10,8,Leader-BFT,0.824,0.7565698478561549
10,8,FIFO (Byzantine leader),1.0,1.0
10,8,_reach,,0.9986168741355463
10,8,_exclusion,,0.2946058091286307
10,8,_veto,,0.32503457814661135
10,8,_byz_ingress,0.277,
10,8,_lagmax,0.2270025069646504,0.0
10,7,DAG+BFT,0.994,0.9915492957746479
10,7,Median-TS,0.998,0.9971830985915493
10,7,ChronoSeq-vertex,0.994,0.9915492957746479
10,7,ChronoSeq,0.775,0.6830985915492958
10,7,ChronoSeq-k4,0.915,0.8802816901408451
10,7,ChronoSeq-k16,0.98,0.971830985915493
10,7,Seed-before-cut,0.998,0.9971830985915493
10,7,Leader-BFT,0.807,0.7281690140845071
10,7,FIFO (Byzantine leader),1.0,1.0
10,7,_reach,,0.9971830985915493
10,7,_exclusion,,0.28450704225352114
10,7,_veto,,0.3126760563380282
10,7,_byz_ingress,0.29,
10,7,_lagmax,0.225801668966237,0.0
10,10,DAG+BFT,0.995,0.9930651872399445
10,10,Median-TS,0.999,0.9986130374479889
10,10,ChronoSeq-vertex,0.991,0.9875173370319001
10,10,ChronoSeq,0.813,0.7406380027739251
10,10,ChronoSeq-k4,0.917,0.8848821081830791
10,10,ChronoSeq-k16,0.976,0.9667128987517337
10,10,Seed-before-cut,0.997,0.9958391123439667
10,10,Leader-BFT,0.833,0.768377253814147
10,10,FIFO (Byzantine leader),1.0,1.0
10,10,_reach,,0.9958391123439667
10,10,_exclusion,,0.3231622746185853
10,10,_veto,,0.33980582524271846
10,10,_byz_ingress,0.279,
10,10,_lagmax,0.22560738823884385,0.0
10,9,DAG+BFT,0.998,0.9969650986342944
10,9,Median-TS,0.998,0.9969650986342944
10,9,ChronoSeq-vertex,0.989,0.9833080424886191
10,9,ChronoSeq,0.815,0.7192716236722306
10,9,ChronoSeq-k4,0.925,0.8861911987860395
10,9,ChronoSeq-k16,0.977,0.9650986342943855
10,9,Seed-before-cut,0.997,0.9954476479514416
10,9,Leader-BFT,0.788,0.6783004552352049
10,9,FIFO (Byzantine leader),1.0,1.0
10,9,_reach,,0.9954476479514416
10,9,_exclusion,,0.2883156297420334
10,9,_veto,,0.30804248861911987
10,9,_byz_ingress,0.341,
10,9,_lagmax,0.22626612949295577,0.0
