workload,seed,system,gap_lo,gap_hi,inversion
uniform,1,FIFO,0,5,0.42109974296658564
uniform,1,FIFO,5,10,0.3495998399359744
uniform,1,FIFO,10,25,0.27325401034734664
uniform,1,FIFO,25,50,0.22166655809501856
uniform,1,FIFO,50,100,0.11561979156207956
uniform,1,FIFO,100,200,5.043500189131257e-06
uniform,1,FIFO,200,400,0.0
uniform,1,FIFO,400,800,0.0
uniform,1,FIFO,800,1600,0.0
uniform,1,Leader-BFT,0,5,0.4673870648358352
uniform,1,Leader-BFT,5,10,0.42095259056213047
uniform,1,Leader-BFT,10,25,0.3495786460626927
uniform,1,Leader-BFT,25,50,0.24611498930087347
uniform,1,Leader-BFT,50,100,0.12336710411374294
uniform,1,Leader-BFT,100,200,0.005063240070199503
uniform,1,Leader-BFT,200,400,0.0
uniform,1,Leader-BFT,400,800,0.0
uniform,1,Leader-BFT,800,1600,0.0
uniform,1,DAG+BFT,0,5,0.47188454787752715
uniform,1,DAG+BFT,5,10,0.4351566994322303
uniform,1,DAG+BFT,10,25,0.37674174174174174
uniform,1,DAG+BFT,25,50,0.26091248960118674
uniform,1,DAG+BFT,50,100,0.10839785885732076
uniform,1,DAG+BFT,100,200,0.011317043649292684
uniform,1,DAG+BFT,200,400,0.0
uniform,1,DAG+BFT,400,800,0.0
uniform,1,DAG+BFT,800,1600,0.0
uniform,1,Median-TS,0,5,0.45846252325418574
uniform,1,Median-TS,5,10,0.3902602501963256
uniform,1,Median-TS,10,25,0.2586169792151505
uniform,1,Median-TS,25,50,0.0904349655815072
uniform,1,Median-TS,50,100,0.013087848289439322
uniform,1,Median-TS,100,200,0.0002471202921062718
uniform,1,Median-TS,200,400,0.0
uniform,1,Median-TS,400,800,0.0
uniform,1,Median-TS,800,1600,0.0
uniform,1,ChronoSeq,0,5,0.4964843671860935
uniform,1,ChronoSeq,5,10,0.4887254901960784
uniform,1,ChronoSeq,10,25,0.4713951823991912
uniform,1,ChronoSeq,25,50,0.440609686438385
uniform,1,ChronoSeq,50,100,0.38206235252773735
uniform,1,ChronoSeq,100,200,0.26561948464525237
uniform,1,ChronoSeq,200,400,0.07206318369754823
uniform,1,ChronoSeq,400,800,0.0003312457947311216
uniform,1,ChronoSeq,800,1600,0.0
uniform,2,FIFO,0,5,0.4189301358081485
uniform,2,FIFO,5,10,0.34834259532515344
uniform,2,FIFO,10,25,0.27382477776887965
uniform,2,FIFO,25,50,0.22428099007916624
uniform,2,FIFO,50,100,0.11525617784562542
uniform,2,FIFO,100,200,0.0
uniform,2,FIFO,200,400,0.0
uniform,2,FIFO,400,800,0.0
uniform,2,FIFO,800,1600,0.0
uniform,2,Leader-BFT,0,5,0.46789412888353277
uniform,2,Leader-BFT,5,10,0.423145994347315
uniform,2,Leader-BFT,10,25,0.34876050430682837
uniform,2,Leader-BFT,25,50,0.2446198566631584
uniform,2,Leader-BFT,50,100,0.12292533985506883
uniform,2,Leader-BFT,100,200,0.005932203389830509
uniform,2,Leader-BFT,200,400,0.0
uniform,2,Leader-BFT,400,800,0.0
uniform,2,Leader-BFT,800,1600,0.0
uniform,2,DAG+BFT,0,5,0.47160309848026444
uniform,2,DAG+BFT,5,10,0.43472475802215943
uniform,2,DAG+BFT,10,25,0.37585954938092425
uniform,2,DAG+BFT,25,50,0.2599107245737875
uniform,2,DAG+BFT,50,100,0.10676603373726315
uniform,2,DAG+BFT,100,200,0.010516970910613313
uniform,2,DAG+BFT,200,400,0.0
uniform,2,DAG+BFT,400,800,0.0
uniform,2,DAG+BFT,800,1600,0.0
uniform,2,Median-TS,0,5,0.46002520302436295
uniform,2,Median-TS,5,10,0.3868926429318219
uniform,2,Median-TS,10,25,0.25764060974694
uniform,2,Median-TS,25,50,0.09042897014095234
uniform,2,Median-TS,50,100,0.012753218442188591
uniform,2,Median-TS,100,200,0.0002723297812788405
uniform,2,Median-TS,200,400,0.0
uniform,2,Median-TS,400,800,0.0
uniform,2,Median-TS,800,1600,0.0
uniform,2,ChronoSeq,0,5,0.4971646030444262
uniform,2,ChronoSeq,5,10,0.48807487219504386
uniform,2,ChronoSeq,10,25,0.47210446498731223
uniform,2,ChronoSeq,25,50,0.4398450653411369
uniform,2,ChronoSeq,50,100,0.38039056143205857
uniform,2,ChronoSeq,100,200,0.26432155735431323
uniform,2,ChronoSeq,200,400,0.07026831848325807
uniform,2,ChronoSeq,400,800,0.00024865828135684534
uniform,2,ChronoSeq,800,1600,0.0
uniform,3,FIFO,0,5,0.41919593516670917
uniform,3,FIFO,5,10,0.3490184699737858
uniform,3,FIFO,10,25,0.2719232386329509
uniform,3,FIFO,25,50,0.22261976347965523
uniform,3,FIFO,50,100,0.11433693916292524
uniform,3,FIFO,100,200,0.0
uniform,3,FIFO,200,400,0.0
uniform,3,FIFO,400,800,0.0
uniform,3,FIFO,800,1600,0.0
uniform,3,Leader-BFT,0,5,0.46443163121915115
uniform,3,Leader-BFT,5,10,0.4197687739818201
uniform,3,Leader-BFT,10,25,0.34852329544601435
uniform,3,Leader-BFT,25,50,0.24276486241336628
uniform,3,Leader-BFT,50,100,0.12276728549118464
uniform,3,Leader-BFT,100,200,0.005830315623833684
uniform,3,Leader-BFT,200,400,0.0
uniform,3,Leader-BFT,400,800,0.0
uniform,3,Leader-BFT,800,1600,0.0
uniform,3,DAG+BFT,0,5,0.47122539606337016
uniform,3,DAG+BFT,5,10,0.43704226197622764
uniform,3,DAG+BFT,10,25,0.37489614302731816
uniform,3,DAG+BFT,25,50,0.259488469517634
uniform,3,DAG+BFT,50,100,0.11029282569516609
uniform,3,DAG+BFT,100,200,0.010874444550924782
uniform,3,DAG+BFT,200,400,0.0
uniform,3,DAG+BFT,400,800,0.0
uniform,3,DAG+BFT,800,1600,0.0
uniform,3,Median-TS,0,5,0.45777282137963454
uniform,3,Median-TS,5,10,0.3850321418744841
uniform,3,Median-TS,10,25,0.25623313761706684
uniform,3,Median-TS,25,50,0.08916779397765419
uniform,3,Median-TS,50,100,0.013592018517681674
uniform,3,Median-TS,100,200,0.0003681402362149132
uniform,3,Median-TS,200,400,0.0
uniform,3,Median-TS,400,800,0.0
uniform,3,Median-TS,800,1600,0.0
uniform,3,ChronoSeq,0,5,0.4957367539319381
uniform,3,ChronoSeq,5,10,0.4869335974627568
uniform,3,ChronoSeq,10,25,0.47041393463136294
uniform,3,ChronoSeq,25,50,0.44018759958712056
uniform,3,ChronoSeq,50,100,0.38140291671688564
uniform,3,ChronoSeq,100,200,0.26291794845932726
uniform,3,ChronoSeq,200,400,0.07069808125549866
uniform,3,ChronoSeq,400,800,0.00023282043853023045
uniform,3,ChronoSeq,800,1600,0.0
uniform,4,FIFO,0,5,0.4201651255944671
uniform,4,FIFO,5,10,0.3502193498041609
uniform,4,FIFO,10,25,0.2729051761243631
uniform,4,FIFO,25,50,0.22214261378439584
uniform,4,FIFO,50,100,0.11602784306635328
uniform,4,FIFO,100,200,0.0
uniform,4,FIFO,200,400,0.0
uniform,4,FIFO,400,800,0.0
uniform,4,FIFO,800,1600,0.0
uniform,4,Leader-BFT,0,5,0.4650394063050088
uniform,4,Leader-BFT,5,10,0.4226575161567859
uniform,4,Leader-BFT,10,25,0.34869708389008164
uniform,4,Leader-BFT,25,50,0.24502528074404062
uniform,4,Leader-BFT,50,100,0.12177131035590906
uniform,4,Leader-BFT,100,200,0.005420805809086784
uniform,4,Leader-BFT,200,400,0.0
uniform,4,Leader-BFT,400,800,0.0
uniform,4,Leader-BFT,800,1600,0.0
uniform,4,DAG+BFT,0,5,0.47215374075500194
uniform,4,DAG+BFT,5,10,0.4352316834060262
uniform,4,DAG+BFT,10,25,0.37445639390860913
uniform,4,DAG+BFT,25,50,0.26028845768351844
uniform,4,DAG+BFT,50,100,0.10749826777662855
uniform,4,DAG+BFT,100,200,0.01076055002848974
uniform,4,DAG+BFT,200,400,0.0
uniform,4,DAG+BFT,400,800,0.0
uniform,4,DAG+BFT,800,1600,0.0
uniform,4,Median-TS,0,5,0.46045716171683176
uniform,4,Median-TS,5,10,0.3856096036013505
uniform,4,Median-TS,10,25,0.257956029767237
uniform,4,Median-TS,25,50,0.08817738679117675
uniform,4,Median-TS,50,100,0.013879543240501753
uniform,4,Median-TS,100,200,0.00031259611069935815
uniform,4,Median-TS,200,400,0.0
uniform,4,Median-TS,400,800,0.0
uniform,4,Median-TS,800,1600,0.0
uniform,4,ChronoSeq,0,5,0.4949942491373706
uniform,4,ChronoSeq,5,10,0.48815770387006735
uniform,4,ChronoSeq,10,25,0.4718406077804303
uniform,4,ChronoSeq,25,50,0.4381923394874621
uniform,4,ChronoSeq,50,100,0.3788993267024487
uniform,4,ChronoSeq,100,200,0.26594419594454893
uniform,4,ChronoSeq,200,400,0.0704312073194313
uniform,4,ChronoSeq,400,800,0.0002277998674618953
uniform,4,ChronoSeq,800,1600,0.0
uniform,5,FIFO,0,5,0.4190089959445742
uniform,5,FIFO,5,10,0.34988319218012914
uniform,5,FIFO,10,25,0.2752159940733028
uniform,5,FIFO,25,50,0.22346637528757812
uniform,5,FIFO,50,100,0.11720998929933234
uniform,5,FIFO,100,200,0.0
uniform,5,FIFO,200,400,0.0
uniform,5,FIFO,400,800,0.0
uniform,5,FIFO,800,1600,0.0
uniform,5,Leader-BFT,0,5,0.4652240880949762
uniform,5,Leader-BFT,5,10,0.4214612283281811
uniform,5,Leader-BFT,10,25,0.350117383229966
uniform,5,Leader-BFT,25,50,0.24856287995349094
uniform,5,Leader-BFT,50,100,0.12224895886185641
uniform,5,Leader-BFT,100,200,0.005734344030381432
uniform,5,Leader-BFT,200,400,0.0
uniform,5,Leader-BFT,400,800,0.0
uniform,5,Leader-BFT,800,1600,0.0
uniform,5,DAG+BFT,0,5,0.4711774560548096
uniform,5,DAG+BFT,5,10,0.43701980792316925
uniform,5,DAG+BFT,10,25,0.37337377923943676
uniform,5,DAG+BFT,25,50,0.2599821603960793
uniform,5,DAG+BFT,50,100,0.10930059673303731
uniform,5,DAG+BFT,100,200,0.010692245977162292
uniform,5,DAG+BFT,200,400,0.0
uniform,5,DAG+BFT,400,800,0.0
uniform,5,DAG+BFT,800,1600,0.0
uniform,5,Median-TS,0,5,0.46189966595323345
uniform,5,Median-TS,5,10,0.3884453781512605
uniform,5,Median-TS,10,25,0.2590265854403292
uniform,5,Median-TS,25,50,0.09093733712865333
uniform,5,Median-TS,50,100,0.013465324654451945
uniform,5,Median-TS,100,200,0.0003329516160765183
uniform,5,Median-TS,200,400,0.0
uniform,5,Median-TS,400,800,0.0
uniform,5,Median-TS,800,1600,0.0
uniform,5,ChronoSeq,0,5,0.49482159377891133
uniform,5,ChronoSeq,5,10,0.48969760636302245
uniform,5,ChronoSeq,10,25,0.47178321660817896
uniform,5,ChronoSeq,25,50,0.4414204030087848
uniform,5,ChronoSeq,50,100,0.3822224901171873
uniform,5,ChronoSeq,100,200,0.2648865247869028
uniform,5,ChronoSeq,200,400,0.06943023640481462
uniform,5,ChronoSeq,400,800,0.00019161354138075683
uniform,5,ChronoSeq,800,1600,0.0
uniform,6,FIFO,0,5,0.4203014512467119
uniform,6,FIFO,5,10,0.35156726796130106
uniform,6,FIFO,10,25,0.27469590028532814
uniform,6,FIFO,25,50,0.2252482937633417
uniform,6,FIFO,50,100,0.11644127970914789
uniform,6,FIFO,100,200,5.044874155614188e-06
uniform,6,FIFO,200,400,0.0
uniform,6,FIFO,400,800,0.0
uniform,6,FIFO,800,1600,0.0
uniform,6,Leader-BFT,0,5,0.46372774554910984
uniform,6,Leader-BFT,5,10,0.42209149934471824
uniform,6,Leader-BFT,10,25,0.34934578690772944
uniform,6,Leader-BFT,25,50,0.24473880727921535
uniform,6,Leader-BFT,50,100,0.12168379391053652
uniform,6,Leader-BFT,100,200,0.0057501992393596095
uniform,6,Leader-BFT,200,400,0.0
uniform,6,Leader-BFT,400,800,0.0
uniform,6,Leader-BFT,800,1600,0.0
uniform,6,DAG+BFT,0,5,0.47051793027919325
uniform,6,DAG+BFT,5,10,0.43580636608755247
uniform,6,DAG+BFT,10,25,0.37106962310425945
uniform,6,DAG+BFT,25,50,0.2568785733255165
uniform,6,DAG+BFT,50,100,0.10603084990431608
uniform,6,DAG+BFT,100,200,0.010813537095879356
uniform,6,DAG+BFT,200,400,0.0
uniform,6,DAG+BFT,400,800,0.0
uniform,6,DAG+BFT,800,1600,0.0
uniform,6,Median-TS,0,5,0.4610741611241686
uniform,6,Median-TS,5,10,0.3850301887358748
uniform,6,Median-TS,10,25,0.25799991990067683
uniform,6,Median-TS,25,50,0.08951416902608303
uniform,6,Median-TS,50,100,0.013288135593220339
uniform,6,Median-TS,100,200,0.00023207240659085636
uniform,6,Median-TS,200,400,0.0
uniform,6,Median-TS,400,800,0.0
uniform,6,Median-TS,800,1600,0.0
uniform,6,ChronoSeq,0,5,0.4972220972040946
uniform,6,ChronoSeq,5,10,0.4880832074282341
uniform,6,ChronoSeq,10,25,0.4720625926074246
uniform,6,ChronoSeq,25,50,0.4397983422368777
uniform,6,ChronoSeq,50,100,0.3825862025666139
uniform,6,ChronoSeq,100,200,0.2649911683068383
uniform,6,ChronoSeq,200,400,0.07038842361273646
uniform,6,ChronoSeq,400,800,0.0002070650598418023
uniform,6,ChronoSeq,800,1600,0.0
uniform,8,FIFO,0,5,0.419997999699955
uniform,8,FIFO,5,10,0.3499577345731192
uniform,8,FIFO,10,25,0.27384295059485375
uniform,8,FIFO,25,50,0.22403082133445557
uniform,8,FIFO,50,100,0.11683101703084833
uniform,8,FIFO,100,200,0.0
uniform,8,FIFO,200,400,0.0
uniform,8,FIFO,400,800,0.0
uniform,8,FIFO,800,1600,0.0
uniform,8,Leader-BFT,0,5,0.465772194690177
uniform,8,Leader-BFT,5,10,0.41927319110622013
uniform,8,Leader-BFT,10,25,0.3478441501236348
uniform,8,Leader-BFT,25,50,0.24546529573286835
uniform,8,Leader-BFT,50,100,0.12147340933058806
uniform,8,Leader-BFT,100,200,0.005695806594825847
uniform,8,Leader-BFT,200,400,0.0
uniform,8,Leader-BFT,400,800,0.0
uniform,8,Leader-BFT,800,1600,0.0
uniform,8,DAG+BFT,0,5,0.4721108166224934
uniform,8,DAG+BFT,5,10,0.43679345325036517
uniform,8,DAG+BFT,10,25,0.37408656829966563
uniform,8,DAG+BFT,25,50,0.2598012936455051
uniform,8,DAG+BFT,50,100,0.10941769811927343
uniform,8,DAG+BFT,100,200,0.010354828134062997
uniform,8,DAG+BFT,200,400,0.0
uniform,8,DAG+BFT,400,800,0.0
uniform,8,DAG+BFT,800,1600,0.0
uniform,8,Median-TS,0,5,0.4593320098213259
uniform,8,Median-TS,5,10,0.38736656762407834
uniform,8,Median-TS,10,25,0.25825762694897014
uniform,8,Median-TS,25,50,0.09052093512741487
uniform,8,Median-TS,50,100,0.013653368148836276
uniform,8,Median-TS,100,200,0.0002471726475721593
uniform,8,Median-TS,200,400,0.0
uniform,8,Median-TS,400,800,0.0
uniform,8,Median-TS,800,1600,0.0
uniform,8,ChronoSeq,0,5,0.49519675549710207
uniform,8,ChronoSeq,5,10,0.48932189399434706
uniform,8,ChronoSeq,10,25,0.46921136657091095
uniform,8,ChronoSeq,25,50,0.4412448515337669
uniform,8,ChronoSeq,50,100,0.38218146941112074
uniform,8,ChronoSeq,100,200,0.26263894772942764
uniform,8,ChronoSeq,200,400,0.07083973660909655
uniform,8,ChronoSeq,400,800,0.00022765371799913077
uniform,8,ChronoSeq,800,1600,0.0
uniform,7,FIFO,0,5,0.419062526567415
uniform,7,FIFO,5,10,0.34917506278327515
uniform,7,FIFO,10,25,0.2752498836295566
uniform,7,FIFO,25,50,0.22259753927882325
uniform,7,FIFO,50,100,0.11589204494111269
uniform,7,FIFO,100,200,0.0
uniform,7,FIFO,200,400,0.0
uniform,7,FIFO,400,800,0.0
uniform,7,FIFO,800,1600,0.0
uniform,7,Leader-BFT,0,5,0.4642358836384731
uniform,7,Leader-BFT,5,10,0.42110055027513754
uniform,7,Leader-BFT,10,25,0.34894104808958165
uniform,7,Leader-BFT,25,50,0.2465497369080431
uniform,7,Leader-BFT,50,100,0.12135695673784146
uniform,7,Leader-BFT,100,200,0.005693164168868629
uniform,7,Leader-BFT,200,400,0.0
uniform,7,Leader-BFT,400,800,0.0
uniform,7,Leader-BFT,800,1600,0.0
uniform,7,DAG+BFT,0,5,0.47178812715970975
uniform,7,DAG+BFT,5,10,0.4357621260397857
uniform,7,DAG+BFT,10,25,0.3736923769958456
uniform,7,DAG+BFT,25,50,0.259054376365422
uniform,7,DAG+BFT,50,100,0.10786529267606766
uniform,7,DAG+BFT,100,200,0.010445022483011716
uniform,7,DAG+BFT,200,400,0.0
uniform,7,DAG+BFT,400,800,0.0
uniform,7,DAG+BFT,800,1600,0.0
uniform,7,Median-TS,0,5,0.4607645070309843
uniform,7,Median-TS,5,10,0.3865090521618634
uniform,7,Median-TS,10,25,0.25854889084648036
uniform,7,Median-TS,25,50,0.0894558283346112
uniform,7,Median-TS,50,100,0.013867271832668922
uniform,7,Median-TS,100,200,0.00024204040057686295
uniform,7,Median-TS,200,400,0.0
uniform,7,Median-TS,400,800,0.0
uniform,7,Median-TS,800,1600,0.0
uniform,7,ChronoSeq,0,5,0.4972070670953998
uniform,7,ChronoSeq,5,10,0.48570885480756726
uniform,7,ChronoSeq,10,25,0.47268504847371606
uniform,7,ChronoSeq,25,50,0.44052159183734835
uniform,7,ChronoSeq,50,100,0.3822881045279021
uniform,7,ChronoSeq,100,200,0.26598148185504206
uniform,7,ChronoSeq,200,400,0.07089007843914738
uniform,7,ChronoSeq,400,800,0.00025362581393182125
uniform,7,ChronoSeq,800,1600,0.0
uniform,10,FIFO,0,5,0.420511769088827
uniform,10,FIFO,5,10,0.3508209350956007
uniform,10,FIFO,10,25,0.2730508525486348
uniform,10,FIFO,25,50,0.22357085941376045
uniform,10,FIFO,50,100,0.1164422787099367
uniform,10,FIFO,100,200,0.0
uniform,10,FIFO,200,400,0.0
uniform,10,FIFO,400,800,0.0
uniform,10,FIFO,800,1600,0.0
uniform,10,Leader-BFT,0,5,0.4650356819579818
uniform,10,Leader-BFT,5,10,0.42262899336648424
uniform,10,Leader-BFT,10,25,0.351280587929032
uniform,10,Leader-BFT,25,50,0.2453794651806118
uniform,10,Leader-BFT,50,100,0.12242110812642784
uniform,10,Leader-BFT,100,200,0.005904289946053966
uniform,10,Leader-BFT,200,400,0.0
uniform,10,Leader-BFT,400,800,0.0
uniform,10,Leader-BFT,800,1600,0.0
uniform,10,DAG+BFT,0,5,0.47415483096619326
uniform,10,DAG+BFT,5,10,0.4395853968444538
uniform,10,DAG+BFT,10,25,0.3761270394344903
uniform,10,DAG+BFT,25,50,0.2621419551404117
uniform,10,DAG+BFT,50,100,0.11064075524756453
uniform,10,DAG+BFT,100,200,0.011348676744291616
uniform,10,DAG+BFT,200,400,0.0
uniform,10,DAG+BFT,400,800,0.0
uniform,10,DAG+BFT,800,1600,0.0
uniform,10,Median-TS,0,5,0.460305156453944
uniform,10,Median-TS,5,10,0.3882452981192477
uniform,10,Median-TS,10,25,0.2580625785234832
uniform,10,Median-TS,25,50,0.09087173113354115
uniform,10,Median-TS,50,100,0.013858541412375743
uniform,10,Median-TS,100,200,0.0003682312290347802
uniform,10,Median-TS,200,400,0.0
uniform,10,Median-TS,400,800,0.0
uniform,10,Median-TS,800,1600,0.0
uniform,10,ChronoSeq,0,5,0.49391908786317945
uniform,10,ChronoSeq,5,10,0.48677852147552303
uniform,10,ChronoSeq,10,25,0.4716508907431786
uniform,10,ChronoSeq,25,50,0.4407000521230103
uniform,10,ChronoSeq,50,100,0.3809205768921742
uniform,10,ChronoSeq,100,200,0.26249029121316964
uniform,10,ChronoSeq,200,400,0.07034787297905029
uniform,10,ChronoSeq,400,800,0.00016573097719127427
uniform,10,ChronoSeq,800,1600,0.0
uniform,9,FIFO,0,5,0.4194103292395087
uniform,9,FIFO,5,10,0.34940301419060527
uniform,9,FIFO,10,25,0.27191502780516863
uniform,9,FIFO,25,50,0.22183860816580145
uniform,9,FIFO,50,100,0.11332760794121931
uniform,9,FIFO,100,200,0.0
uniform,9,FIFO,200,400,0.0
uniform,9,FIFO,400,800,0.0
uniform,9,FIFO,800,1600,0.0
uniform,9,Leader-BFT,0,5,0.4660499074861229
uniform,9,Leader-BFT,5,10,0.4227783391190388
uniform,9,Leader-BFT,10,25,0.35043641896220373
uniform,9,Leader-BFT,25,50,0.24640970906867904
uniform,9,Leader-BFT,50,100,0.12278384378170422
uniform,9,Leader-BFT,100,200,0.005382283359311552
uniform,9,Leader-BFT,200,400,0.0
uniform,9,Leader-BFT,400,800,0.0
uniform,9,Leader-BFT,800,1600,0.0
uniform,9,DAG+BFT,0,5,0.47203052488398145
uniform,9,DAG+BFT,5,10,0.4375903518030343
uniform,9,DAG+BFT,10,25,0.37468970211402947
uniform,9,DAG+BFT,25,50,0.2578420612129322
uniform,9,DAG+BFT,50,100,0.10749810451051181
uniform,9,DAG+BFT,100,200,0.010348583877995643
uniform,9,DAG+BFT,200,400,0.0
uniform,9,DAG+BFT,400,800,0.0
uniform,9,DAG+BFT,800,1600,0.0
uniform,9,Median-TS,0,5,0.45991898784817725
uniform,9,Median-TS,5,10,0.3868540843379521
uniform,9,Median-TS,10,25,0.2561849039794596
uniform,9,Median-TS,25,50,0.08961020737488849
uniform,9,Median-TS,50,100,0.01338086511184194
uniform,9,Median-TS,100,200,0.0003077171423671015
uniform,9,Median-TS,200,400,0.0
uniform,9,Median-TS,400,800,0.0
uniform,9,Median-TS,800,1600,0.0
uniform,9,ChronoSeq,0,5,0.4958895478502635
uniform,9,ChronoSeq,5,10,0.4882560070423944
uniform,9,ChronoSeq,10,25,0.472661568030752
uniform,9,ChronoSeq,25,50,0.4408556353377996
uniform,9,ChronoSeq,50,100,0.38123421836016524
uniform,9,ChronoSeq,100,200,0.26276168770924935
uniform,9,ChronoSeq,200,400,0.07000554670683365
uniform,9,ChronoSeq,400,800,0.00027960730707095815
uniform,9,ChronoSeq,800,1600,0.0
zipf,2,FIFO,0,5,0.4298257895473728
zipf,2,FIFO,5,10,0.3459316429989846
zipf,2,FIFO,10,25,0.24044506286538
zipf,2,FIFO,25,50,0.17386010622306844
zipf,2,FIFO,50,100,0.0929451287793953
zipf,2,FIFO,100,200,0.0
zipf,2,FIFO,200,400,0.0
zipf,2,FIFO,400,800,0.0
zipf,2,FIFO,800,1600,0.0
zipf,2,Leader-BFT,0,5,0.4384210342085919
zipf,2,Leader-BFT,5,10,0.39222630749606063
zipf,2,Leader-BFT,10,25,0.3228694838312504
zipf,2,Leader-BFT,25,50,0.22987019495815167
zipf,2,Leader-BFT,50,100,0.12172511286653376
zipf,2,Leader-BFT,100,200,0.005796004842615012
zipf,2,Leader-BFT,200,400,0.0
zipf,2,Leader-BFT,400,800,0.0
zipf,2,Leader-BFT,800,1600,0.0
zipf,2,DAG+BFT,0,5,0.4471493081427621
zipf,2,DAG+BFT,5,10,0.4140059525298252
zipf,2,DAG+BFT,10,25,0.3638133464121633
zipf,2,DAG+BFT,25,50,0.27321186130746916
zipf,2,DAG+BFT,50,100,0.14301927915350504
zipf,2,DAG+BFT,100,200,0.02595194980100983
zipf,2,DAG+BFT,200,400,4.577543588387281e-05
zipf,2,DAG+BFT,400,800,0.0
zipf,2,DAG+BFT,800,1600,0.0
zipf,2,Median-TS,0,5,0.45927011241348964
zipf,2,Median-TS,5,10,0.3795040594688424
zipf,2,Median-TS,10,25,0.2384721283572376
zipf,2,Median-TS,25,50,0.07507102735367363
zipf,2,Median-TS,50,100,0.013883377618829958
zipf,2,Median-TS,100,200,0.0002925023576698657
zipf,2,Median-TS,200,400,0.0
zipf,2,Median-TS,400,800,0.0
zipf,2,Median-TS,800,1600,0.0
zipf,2,ChronoSeq,0,5,0.4592993019022663
zipf,2,ChronoSeq,5,10,0.4519043188571086
zipf,2,ChronoSeq,10,25,0.4378099990490443
zipf,2,ChronoSeq,25,50,0.4090836206205404
zipf,2,ChronoSeq,50,100,0.3547700127575365
zipf,2,ChronoSeq,100,200,0.24444108228055578
zipf,2,ChronoSeq,200,400,0.06415537654094959
zipf,2,ChronoSeq,400,800,0.0002072152344640378
zipf,2,ChronoSeq,800,1600,0.0
zipf,1,FIFO,0,5,0.4210947423165011
zipf,1,FIFO,5,10,0.34872448979591836
zipf,1,FIFO,10,25,0.2682454542725335
zipf,1,FIFO,25,50,0.21799349572311222
zipf,1,FIFO,50,100,0.10655334444466756
zipf,1,FIFO,100,200,5.043500189131257e-06
zipf,1,FIFO,200,400,0.0
zipf,1,FIFO,400,800,0.0
zipf,1,FIFO,800,1600,0.0
zipf,1,Leader-BFT,0,5,0.4422047984318589
zipf,1,Leader-BFT,5,10,0.3973279044408207
zipf,1,Leader-BFT,10,25,0.33334500980823895
zipf,1,Leader-BFT,25,50,0.2397055359836431
zipf,1,Leader-BFT,50,100,0.12034982378279598
zipf,1,Leader-BFT,100,200,0.005300264256752668
zipf,1,Leader-BFT,200,400,0.0
zipf,1,Leader-BFT,400,800,0.0
zipf,1,Leader-BFT,800,1600,0.0
zipf,1,DAG+BFT,0,5,0.4481870596412623
zipf,1,DAG+BFT,5,10,0.4112303344088442
zipf,1,DAG+BFT,10,25,0.35952452452452455
zipf,1,DAG+BFT,25,50,0.26431027051948963
zipf,1,DAG+BFT,50,100,0.1311048175710283
zipf,1,DAG+BFT,100,200,0.017061300653100336
zipf,1,DAG+BFT,200,400,5.087039241420709e-06
zipf,1,DAG+BFT,400,800,0.0
zipf,1,DAG+BFT,800,1600,0.0
zipf,1,Median-TS,0,5,0.46381848732771896
zipf,1,Median-TS,5,10,0.38794435857805254
zipf,1,Median-TS,10,25,0.2576360424205116
zipf,1,Median-TS,25,50,0.08900211420727247
zipf,1,Median-TS,50,100,0.013780911629401957
zipf,1,Median-TS,100,200,0.0003631155312581953
zipf,1,Median-TS,200,400,0.0
zipf,1,Median-TS,400,800,0.0
zipf,1,Median-TS,800,1600,0.0
zipf,1,ChronoSeq,0,5,0.4602878518133264
zipf,1,ChronoSeq,5,10,0.4542016806722689
zipf,1,ChronoSeq,10,25,0.43764795379587507
zipf,1,ChronoSeq,25,50,0.40970447644529956
zipf,1,ChronoSeq,50,100,0.3542547316632361
zipf,1,ChronoSeq,100,200,0.24451616156522615
zipf,1,ChronoSeq,200,400,0.06498909135292652
zipf,1,ChronoSeq,400,800,0.0001863257595362559
zipf,1,ChronoSeq,800,1600,0.0
zipf,4,FIFO,0,5,0.3806339982697318
zipf,4,FIFO,5,10,0.31400787358248
zipf,4,FIFO,10,25,0.27460686079218427
zipf,4,FIFO,25,50,0.2493686995210133
zipf,4,FIFO,50,100,0.11294923562144679
zipf,4,FIFO,100,200,0.0
zipf,4,FIFO,200,400,0.0
zipf,4,FIFO,400,800,0.0
zipf,4,FIFO,800,1600,0.0
zipf,4,Leader-BFT,0,5,0.44245079212674027
zipf,4,Leader-BFT,5,10,0.3905340242902019
zipf,4,Leader-BFT,10,25,0.3178394663223585
zipf,4,Leader-BFT,25,50,0.22053127145355508
zipf,4,Leader-BFT,50,100,0.10101831766690769
zipf,4,Leader-BFT,100,200,0.0031818869446825675
zipf,4,Leader-BFT,200,400,0.0
zipf,4,Leader-BFT,400,800,0.0
zipf,4,Leader-BFT,800,1600,0.0
zipf,4,DAG+BFT,0,5,0.45145094587769347
zipf,4,DAG+BFT,5,10,0.41435416750030013
zipf,4,DAG+BFT,10,25,0.36290116753326696
zipf,4,DAG+BFT,25,50,0.2647285811650563
zipf,4,DAG+BFT,50,100,0.1262866151853228
zipf,4,DAG+BFT,100,200,0.016907274716741378
zipf,4,DAG+BFT,200,400,5.08566807878717e-06
zipf,4,DAG+BFT,400,800,0.0
zipf,4,DAG+BFT,800,1600,0.0
zipf,4,Median-TS,0,5,0.45820685792582
zipf,4,Median-TS,5,10,0.3799274728023009
zipf,4,Median-TS,10,25,0.23887857389511402
zipf,4,Median-TS,25,50,0.06956600153299701
zipf,4,Median-TS,50,100,0.009691576864749777
zipf,4,Median-TS,100,200,0.00022688427389469545
zipf,4,Median-TS,200,400,0.0
zipf,4,Median-TS,400,800,0.0
zipf,4,Median-TS,800,1600,0.0
zipf,4,ChronoSeq,0,5,0.45994899234885234
zipf,4,ChronoSeq,5,10,0.45176296400042015
zipf,4,ChronoSeq,10,25,0.4365118688347372
zipf,4,ChronoSeq,25,50,0.4064129862972519
zipf,4,ChronoSeq,50,100,0.3550251294127098
zipf,4,ChronoSeq,100,200,0.24666037992748396
zipf,4,ChronoSeq,200,400,0.06599904334463001
zipf,4,ChronoSeq,400,800,0.00022262259774685222
zipf,4,ChronoSeq,800,1600,0.0
zipf,3,FIFO,0,5,0.32776719227441625
zipf,3,FIFO,5,10,0.2636373641766554
zipf,3,FIFO,10,25,0.24168118205297615
zipf,3,FIFO,25,50,0.22949488875526158
zipf,3,FIFO,50,100,0.11733007904701641
zipf,3,FIFO,100,200,0.0
zipf,3,FIFO,200,400,0.0
zipf,3,FIFO,400,800,0.0
zipf,3,FIFO,800,1600,0.0
zipf,3,Leader-BFT,0,5,0.4338815904624263
zipf,3,Leader-BFT,5,10,0.37725060157785995
zipf,3,Leader-BFT,10,25,0.29326886983678924
zipf,3,Leader-BFT,25,50,0.19173427813998706
zipf,3,Leader-BFT,50,100,0.0915180701111273
zipf,3,Leader-BFT,100,200,0.0035657726176906704
zipf,3,Leader-BFT,200,400,0.0
zipf,3,Leader-BFT,400,800,0.0
zipf,3,Leader-BFT,800,1600,0.0
zipf,3,DAG+BFT,0,5,0.44599135861737876
zipf,3,DAG+BFT,5,10,0.40899267619161966
zipf,3,DAG+BFT,10,25,0.35829404286415006
zipf,3,DAG+BFT,25,50,0.26373284959761073
zipf,3,DAG+BFT,50,100,0.12733625506408228
zipf,3,DAG+BFT,100,200,0.017032931005785245
zipf,3,DAG+BFT,200,400,0.0
zipf,3,DAG+BFT,400,800,0.0
zipf,3,DAG+BFT,800,1600,0.0
zipf,3,Median-TS,0,5,0.45760779332486523
zipf,3,Median-TS,5,10,0.3750468996223017
zipf,3,Median-TS,10,25,0.23209646659558814
zipf,3,Median-TS,25,50,0.06515857507891176
zipf,3,Median-TS,50,100,0.009228714457147735
zipf,3,Median-TS,100,200,0.0001916346435091329
zipf,3,Median-TS,200,400,0.0
zipf,3,Median-TS,400,800,0.0
zipf,3,Median-TS,800,1600,0.0
zipf,3,ChronoSeq,0,5,0.45877528567499315
zipf,3,ChronoSeq,5,10,0.4537073165851267
zipf,3,ChronoSeq,10,25,0.4378597527403774
zipf,3,ChronoSeq,25,50,0.4062052171124495
zipf,3,ChronoSeq,50,100,0.35374733839540395
zipf,3,ChronoSeq,100,200,0.24208482525593827
zipf,3,ChronoSeq,200,400,0.06337501716343147
zipf,3,ChronoSeq,400,800,0.00016556120073260832
zipf,3,ChronoSeq,800,1600,0.0
zipf,6,FIFO,0,5,0.3363971875218787
zipf,6,FIFO,5,10,0.27662054406659264
zipf,6,FIFO,10,25,0.2502778194924163
zipf,6,FIFO,25,50,0.2364177548831942
zipf,6,FIFO,50,100,0.1230396858475738
zipf,6,FIFO,100,200,5.044874155614188e-06
zipf,6,FIFO,200,400,0.0
zipf,6,FIFO,400,800,0.0
zipf,6,FIFO,800,1600,0.0
zipf,6,Leader-BFT,0,5,0.4306661332266453
zipf,6,Leader-BFT,5,10,0.37390077733425375
zipf,6,Leader-BFT,10,25,0.30094803335635845
zipf,6,Leader-BFT,25,50,0.201055496248628
zipf,6,Leader-BFT,50,100,0.09589247506253203
zipf,6,Leader-BFT,100,200,0.0035510002320255835
zipf,6,Leader-BFT,200,400,0.0
zipf,6,Leader-BFT,400,800,0.0
zipf,6,Leader-BFT,800,1600,0.0
zipf,6,DAG+BFT,0,5,0.4414884307067595
zipf,6,DAG+BFT,5,10,0.4045161903523209
zipf,6,DAG+BFT,10,25,0.3624005205465739
zipf,6,DAG+BFT,25,50,0.27559390486498403
zipf,6,DAG+BFT,50,100,0.1531796698025546
zipf,6,DAG+BFT,100,200,0.03221869168305846
zipf,6,DAG+BFT,200,400,0.0001272264631043257
zipf,6,DAG+BFT,400,800,0.0
zipf,6,DAG+BFT,800,1600,0.0
zipf,6,Median-TS,0,5,0.4576636495474321
zipf,6,Median-TS,5,10,0.3757259553096659
zipf,6,Median-TS,10,25,0.23342444631342865
zipf,6,Median-TS,25,50,0.0699907293728546
zipf,6,Median-TS,50,100,0.010254865034526052
zipf,6,Median-TS,100,200,0.000171531778784546
zipf,6,Median-TS,200,400,0.0
zipf,6,Median-TS,400,800,0.0
zipf,6,Median-TS,800,1600,0.0
zipf,6,ChronoSeq,0,5,0.4561811462662086
zipf,6,ChronoSeq,5,10,0.45098706262569666
zipf,6,ChronoSeq,10,25,0.43818329261943856
zipf,6,ChronoSeq,25,50,0.4083669930742786
zipf,6,ChronoSeq,50,100,0.353735653833597
zipf,6,ChronoSeq,100,200,0.24398687862730256
zipf,6,ChronoSeq,200,400,0.06501032879137876
zipf,6,ChronoSeq,400,800,0.0001708286743694869
zipf,6,ChronoSeq,800,1600,0.0
zipf,5,FIFO,0,5,0.4294500922596873
zipf,5,FIFO,5,10,0.3446506020480138
zipf,5,FIFO,10,25,0.24261415399401323
zipf,5,FIFO,25,50,0.1835437645042128
zipf,5,FIFO,50,100,0.10394216615675222
zipf,5,FIFO,100,200,0.0
zipf,5,FIFO,200,400,0.0
zipf,5,FIFO,400,800,0.0
zipf,5,FIFO,800,1600,0.0
zipf,5,Leader-BFT,0,5,0.44152505926007424
zipf,5,Leader-BFT,5,10,0.3926838540572446
zipf,5,Leader-BFT,10,25,0.3234671351984502
zipf,5,Leader-BFT,25,50,0.23138259217865895
zipf,5,Leader-BFT,50,100,0.12436891204203737
zipf,5,Leader-BFT,100,200,0.006329465046727087
zipf,5,Leader-BFT,200,400,0.0
zipf,5,Leader-BFT,400,800,0.0
zipf,5,Leader-BFT,800,1600,0.0
zipf,5,DAG+BFT,0,5,0.4506238591753557
zipf,5,DAG+BFT,5,10,0.41793717486994797
zipf,5,DAG+BFT,10,25,0.368167870533055
zipf,5,DAG+BFT,25,50,0.2794353464691615
zipf,5,DAG+BFT,50,100,0.14536577525064798
zipf,5,DAG+BFT,100,200,0.02431615543366922
zipf,5,DAG+BFT,200,400,1.526725326846447e-05
zipf,5,DAG+BFT,400,800,0.0
zipf,5,DAG+BFT,800,1600,0.0
zipf,5,Median-TS,0,5,0.45968435580981337
zipf,5,Median-TS,5,10,0.38114245698279314
zipf,5,Median-TS,10,25,0.23991970806573526
zipf,5,Median-TS,25,50,0.07578278474922824
zipf,5,Median-TS,50,100,0.013008277081324333
zipf,5,Median-TS,100,200,0.0002371019084181267
zipf,5,Median-TS,200,400,0.0
zipf,5,Median-TS,400,800,0.0
zipf,5,Median-TS,800,1600,0.0
zipf,5,ChronoSeq,0,5,0.4586502637961643
zipf,5,ChronoSeq,5,10,0.45519621820364675
zipf,5,ChronoSeq,10,25,0.4374665218240162
zipf,5,ChronoSeq,25,50,0.40664197765962246
zipf,5,ChronoSeq,50,100,0.3509792398145497
zipf,5,ChronoSeq,100,200,0.23969840877319593
zipf,5,ChronoSeq,200,400,0.06237117337201313
zipf,5,ChronoSeq,400,800,0.00022786475191225136
zipf,5,ChronoSeq,800,1600,0.0
zipf,7,FIFO,0,5,0.3944679765756665
zipf,7,FIFO,5,10,0.3339419892543048
zipf,7,FIFO,10,25,0.2815113642620112
zipf,7,FIFO,25,50,0.2476758463427469
zipf,7,FIFO,50,100,0.12459712641947046
zipf,7,FIFO,100,200,5.0425337723699405e-06
zipf,7,FIFO,200,400,0.0
zipf,7,FIFO,400,800,0.0
zipf,7,FIFO,800,1600,0.0
zipf,7,Leader-BFT,0,5,0.4429919535113996
zipf,7,Leader-BFT,5,10,0.39351175587793896
zipf,7,Leader-BFT,10,25,0.3262753224910273
zipf,7,Leader-BFT,25,50,0.2332598346279128
zipf,7,Leader-BFT,50,100,0.11492059985641201
zipf,7,Leader-BFT,100,200,0.004351816366460254
zipf,7,Leader-BFT,200,400,0.0
zipf,7,Leader-BFT,400,800,0.0
zipf,7,Leader-BFT,800,1600,0.0
zipf,7,DAG+BFT,0,5,0.4486595422290455
zipf,7,DAG+BFT,5,10,0.4135833654293446
zipf,7,DAG+BFT,10,25,0.36468792231843433
zipf,7,DAG+BFT,25,50,0.273174593630369
zipf,7,DAG+BFT,50,100,0.13871479651279578
zipf,7,DAG+BFT,100,200,0.02076906014961789
zipf,7,DAG+BFT,200,400,1.0171543073942033e-05
zipf,7,DAG+BFT,400,800,0.0
zipf,7,DAG+BFT,800,1600,0.0
zipf,7,Median-TS,0,5,0.45970935931030343
zipf,7,Median-TS,5,10,0.38246697048980227
zipf,7,Median-TS,10,25,0.24398374309281654
zipf,7,Median-TS,25,50,0.0772935239612931
zipf,7,Median-TS,50,100,0.011607940795485355
zipf,7,Median-TS,100,200,0.00020170033381405246
zipf,7,Median-TS,200,400,0.0
zipf,7,Median-TS,400,800,0.0
zipf,7,Median-TS,800,1600,0.0
zipf,7,ChronoSeq,0,5,0.45901614750286296
zipf,7,ChronoSeq,5,10,0.45238452534589874
zipf,7,ChronoSeq,10,25,0.43861080385787715
zipf,7,ChronoSeq,25,50,0.40875901434778467
zipf,7,ChronoSeq,50,100,0.3533641654489487
zipf,7,ChronoSeq,100,200,0.24625300062534042
zipf,7,ChronoSeq,200,400,0.06515583616741141
zipf,7,ChronoSeq,400,800,0.0001811612956655866
zipf,7,ChronoSeq,800,1600,0.0
zipf,8,FIFO,0,5,0.39906986047907184
zipf,8,FIFO,5,10,0.33656784726425143
zipf,8,FIFO,10,25,0.2827019424716087
zipf,8,FIFO,25,50,0.24671596476989208
zipf,8,FIFO,50,100,0.1242820131748072
zipf,8,FIFO,100,200,5.044543317493467e-06
zipf,8,FIFO,200,400,0.0
zipf,8,FIFO,400,800,0.0
zipf,8,FIFO,800,1600,0.0
zipf,8,Leader-BFT,0,5,0.4409983547449855
zipf,8,Leader-BFT,5,10,0.39140134557186806
zipf,8,Leader-BFT,10,25,0.32790241363085765
zipf,8,Leader-BFT,25,50,0.23735293528150242
zipf,8,Leader-BFT,50,100,0.11460854718023401
zipf,8,Leader-BFT,100,200,0.004091496145618921
zipf,8,Leader-BFT,200,400,0.0
zipf,8,Leader-BFT,400,800,0.0
zipf,8,Leader-BFT,800,1600,0.0
zipf,8,DAG+BFT,0,5,0.44786718007701154
zipf,8,DAG+BFT,5,10,0.4112977450529222
zipf,8,DAG+BFT,10,25,0.3650573585056758
zipf,8,DAG+BFT,25,50,0.276279992584836
zipf,8,DAG+BFT,50,100,0.14903150618871563
zipf,8,DAG+BFT,100,200,0.025304516682218243
zipf,8,DAG+BFT,200,400,3.05295347807725e-05
zipf,8,DAG+BFT,400,800,0.0
zipf,8,DAG+BFT,800,1600,0.0
zipf,8,Median-TS,0,5,0.46054717386847227
zipf,8,Median-TS,5,10,0.38256450273617654
zipf,8,Median-TS,10,25,0.24468803964261582
zipf,8,Median-TS,25,50,0.0804480192437796
zipf,8,Median-TS,50,100,0.01320645760626679
zipf,8,Median-TS,100,200,0.0002269952885866769
zipf,8,Median-TS,200,400,0.0
zipf,8,Median-TS,400,800,0.0
zipf,8,Median-TS,800,1600,0.0
zipf,8,ChronoSeq,0,5,0.46040636298626286
zipf,8,ChronoSeq,5,10,0.4550338927937167
zipf,8,ChronoSeq,10,25,0.4370364438928203
zipf,8,ChronoSeq,25,50,0.4089410444246244
zipf,8,ChronoSeq,50,100,0.35455280429444463
zipf,8,ChronoSeq,100,200,0.24622243741047833
zipf,8,ChronoSeq,200,400,0.0658426371657999
zipf,8,ChronoSeq,400,800,0.0001914360810447236
zipf,8,ChronoSeq,800,1600,0.0
zipf,9,FIFO,0,5,0.4152098251790215
zipf,9,FIFO,5,10,0.32017146772975325
zipf,9,FIFO,10,25,0.23648158251703097
zipf,9,FIFO,25,50,0.1891272975085687
zipf,9,FIFO,50,100,0.08347019029395368
zipf,9,FIFO,100,200,0.0
zipf,9,FIFO,200,400,0.0
zipf,9,FIFO,400,800,0.0
zipf,9,FIFO,800,1600,0.0
zipf,9,Leader-BFT,0,5,0.4398309746461969
zipf,9,Leader-BFT,5,10,0.38982983023039447
zipf,9,Leader-BFT,10,25,0.3181454196028187
zipf,9,Leader-BFT,25,50,0.21535231452251385
zipf,9,Leader-BFT,50,100,0.1018804054121925
zipf,9,Leader-BFT,100,200,0.00397996398359589
zipf,9,Leader-BFT,200,400,0.0
zipf,9,Leader-BFT,400,800,0.0
zipf,9,Leader-BFT,800,1600,0.0
zipf,9,DAG+BFT,0,5,0.44808169307089135
zipf,9,DAG+BFT,5,10,0.4114439781304868
zipf,9,DAG+BFT,10,25,0.3619174407431134
zipf,9,DAG+BFT,25,50,0.2659359604676921
zipf,9,DAG+BFT,50,100,0.13000798365108934
zipf,9,DAG+BFT,100,200,0.019214475913822318
zipf,9,DAG+BFT,200,400,5.086133673765214e-06
zipf,9,DAG+BFT,400,800,0.0
zipf,9,DAG+BFT,800,1600,0.0
zipf,9,Median-TS,0,5,0.45851377706656
zipf,9,Median-TS,5,10,0.38161672752738734
zipf,9,Median-TS,10,25,0.24657033748579837
zipf,9,Median-TS,25,50,0.07844964969780797
zipf,9,Median-TS,50,100,0.011377501066954536
zipf,9,Median-TS,100,200,0.0002976280557321146
zipf,9,Median-TS,200,400,0.0
zipf,9,Median-TS,400,800,0.0
zipf,9,Median-TS,800,1600,0.0
zipf,9,ChronoSeq,0,5,0.4592455170068708
zipf,9,ChronoSeq,5,10,0.45317908088750175
zipf,9,ChronoSeq,10,25,0.439056618883639
zipf,9,ChronoSeq,25,50,0.4100545670463143
zipf,9,ChronoSeq,50,100,0.354879193586442
zipf,9,ChronoSeq,100,200,0.24419648259448992
zipf,9,ChronoSeq,200,400,0.06772071058912132
zipf,9,ChronoSeq,400,800,0.00016569321900501222
zipf,9,ChronoSeq,800,1600,0.0
zipf,10,FIFO,0,5,0.41328079290704245
zipf,10,FIFO,5,10,0.34019530351086075
zipf,10,FIFO,10,25,0.2706028414950389
zipf,10,FIFO,25,50,0.22947434888720727
zipf,10,FIFO,50,100,0.1339746810007033
zipf,10,FIFO,100,200,5.0449759606895475e-06
zipf,10,FIFO,200,400,0.0
zipf,10,FIFO,400,800,0.0
zipf,10,FIFO,800,1600,0.0
zipf,10,Leader-BFT,0,5,0.4413660663829447
zipf,10,Leader-BFT,5,10,0.3936086125646593
zipf,10,Leader-BFT,10,25,0.32505807200929154
zipf,10,Leader-BFT,25,50,0.23102172954335887
zipf,10,Leader-BFT,50,100,0.12384706148168603
zipf,10,Leader-BFT,100,200,0.00678236383546712
zipf,10,Leader-BFT,200,400,0.0
zipf,10,Leader-BFT,400,800,0.0
zipf,10,Leader-BFT,800,1600,0.0
zipf,10,DAG+BFT,0,5,0.4468293658731746
zipf,10,DAG+BFT,5,10,0.4129523466498584
zipf,10,DAG+BFT,10,25,0.3623397363691433
zipf,10,DAG+BFT,25,50,0.27209404878831006
zipf,10,DAG+BFT,50,100,0.13831977503264034
zipf,10,DAG+BFT,100,200,0.023716212467404078
zipf,10,DAG+BFT,200,400,4.068079307206094e-05
zipf,10,DAG+BFT,400,800,0.0
zipf,10,DAG+BFT,800,1600,0.0
zipf,10,Median-TS,0,5,0.4582547771337698
zipf,10,Median-TS,5,10,0.38381352541016406
zipf,10,Median-TS,10,25,0.2410439431177139
zipf,10,Median-TS,25,50,0.07555103390900798
zipf,10,Median-TS,50,100,0.01270826740605677
zipf,10,Median-TS,100,200,0.00019672627304597847
zipf,10,Median-TS,200,400,0.0
zipf,10,Median-TS,400,800,0.0
zipf,10,Median-TS,800,1600,0.0
zipf,10,ChronoSeq,0,5,0.46120918137720657
zipf,10,ChronoSeq,5,10,0.4524567037848546
zipf,10,ChronoSeq,10,25,0.440726409947091
zipf,10,ChronoSeq,25,50,0.4096618018523716
zipf,10,ChronoSeq,50,100,0.35627912582355775
zipf,10,ChronoSeq,100,200,0.24640144446573933
zipf,10,ChronoSeq,200,400,0.06353591160220995
zipf,10,ChronoSeq,400,800,0.00011911913985622837
zipf,10,ChronoSeq,800,1600,0.0
defi,1,FIFO,0,5,0.4211265915205585
defi,1,FIFO,5,10,0.3498266798053212
defi,1,FIFO,10,25,0.270840421912215
defi,1,FIFO,25,50,0.21999719365766632
defi,1,FIFO,50,100,0.11314319583693315
defi,1,FIFO,100,200,0.0
defi,1,FIFO,200,400,0.0
defi,1,FIFO,400,800,0.0
defi,1,FIFO,800,1600,0.0
defi,1,Leader-BFT,0,5,0.46365113894931614
defi,1,Leader-BFT,5,10,0.4175204097967024
defi,1,Leader-BFT,10,25,0.3479625236479385
defi,1,Leader-BFT,25,50,0.24638204048907597
defi,1,Leader-BFT,50,100,0.12413682270401116
defi,1,Leader-BFT,100,200,0.00527311719439889
defi,1,Leader-BFT,200,400,0.0
defi,1,Leader-BFT,400,800,0.0
defi,1,Leader-BFT,800,1600,0.0
defi,1,DAG+BFT,0,5,0.4678448551768283
defi,1,DAG+BFT,5,10,0.4331487401137574
defi,1,DAG+BFT,10,25,0.37064438782405856
defi,1,DAG+BFT,25,50,0.25821146849221704
defi,1,DAG+BFT,50,100,0.10779038748474025
defi,1,DAG+BFT,100,200,0.011246499659426323
defi,1,DAG+BFT,200,400,0.0
defi,1,DAG+BFT,400,800,0.0
defi,1,DAG+BFT,800,1600,0.0
defi,1,Median-TS,0,5,0.46216512219882877
defi,1,Median-TS,5,10,0.38809688165911344
defi,1,Median-TS,10,25,0.2596426247559938
defi,1,Median-TS,25,50,0.09147068549154784
defi,1,Median-TS,50,100,0.013461770381090208
defi,1,Median-TS,100,200,0.0002775254818851549
defi,1,Median-TS,200,400,0.0
defi,1,Median-TS,400,800,0.0
defi,1,Median-TS,800,1600,0.0
defi,1,ChronoSeq,0,5,0.4896102662072346
defi,1,ChronoSeq,5,10,0.4823048025891263
defi,1,ChronoSeq,10,25,0.4675515781254692
defi,1,ChronoSeq,25,50,0.4307110287117302
defi,1,ChronoSeq,50,100,0.3766449020592667
defi,1,ChronoSeq,100,200,0.26139345254914625
defi,1,ChronoSeq,200,400,0.07179560231585588
defi,1,ChronoSeq,400,800,0.00030615792559843496
defi,1,ChronoSeq,800,1600,0.0
defi,2,FIFO,0,5,0.4206573427272773
defi,2,FIFO,5,10,0.351273214723374
defi,2,FIFO,10,25,0.2695792329485729
defi,2,FIFO,25,50,0.22137637943649832
defi,2,FIFO,50,100,0.1108923126384584
defi,2,FIFO,100,200,0.0
defi,2,FIFO,200,400,0.0
defi,2,FIFO,400,800,0.0
defi,2,FIFO,800,1600,0.0
defi,2,Leader-BFT,0,5,0.4607229831430614
defi,2,Leader-BFT,5,10,0.41740200492226426
defi,2,Leader-BFT,10,25,0.34897666014305234
defi,2,Leader-BFT,25,50,0.24509897292718258
defi,2,Leader-BFT,50,100,0.12385215102377077
defi,2,Leader-BFT,100,200,0.00556004443995556
defi,2,Leader-BFT,200,400,0.0
defi,2,Leader-BFT,400,800,0.0
defi,2,Leader-BFT,800,1600,0.0
defi,2,DAG+BFT,0,5,0.4653228185805084
defi,2,DAG+BFT,5,10,0.43184921742523147
defi,2,DAG+BFT,10,25,0.37059356433909096
defi,2,DAG+BFT,25,50,0.25875720370834376
defi,2,DAG+BFT,50,100,0.10833103101846038
defi,2,DAG+BFT,100,200,0.010754263315283279
defi,2,DAG+BFT,200,400,0.0
defi,2,DAG+BFT,400,800,0.0
defi,2,DAG+BFT,800,1600,0.0
defi,2,Median-TS,0,5,0.46455610117112883
defi,2,Median-TS,5,10,0.3870961287385761
defi,2,Median-TS,10,25,0.2617706690696103
defi,2,Median-TS,25,50,0.09280133117485202
defi,2,Median-TS,50,100,0.013436713281442362
defi,2,Median-TS,100,200,0.0003028972118311651
defi,2,Median-TS,200,400,0.0
defi,2,Median-TS,400,800,0.0
defi,2,Median-TS,800,1600,0.0
defi,2,ChronoSeq,0,5,0.49012096875015626
defi,2,ChronoSeq,5,10,0.4835955280994423
defi,2,ChronoSeq,10,25,0.468378506894912
defi,2,ChronoSeq,25,50,0.4350852749698042
defi,2,ChronoSeq,50,100,0.3786453622751482
defi,2,ChronoSeq,100,200,0.2633099192542506
defi,2,ChronoSeq,200,400,0.07063320168174289
defi,2,ChronoSeq,400,800,0.00024927942665731867
defi,2,ChronoSeq,800,1600,0.0
defi,3,FIFO,0,5,0.42188093856894243
defi,3,FIFO,5,10,0.351695466415857
defi,3,FIFO,10,25,0.27177813702771286
defi,3,FIFO,25,50,0.22215595870502156
defi,3,FIFO,50,100,0.11201425845968471
defi,3,FIFO,100,200,0.0
defi,3,FIFO,200,400,0.0
defi,3,FIFO,400,800,0.0
defi,3,FIFO,800,1600,0.0
defi,3,Leader-BFT,0,5,0.46266746010711446
defi,3,Leader-BFT,5,10,0.41663998719385303
defi,3,Leader-BFT,10,25,0.3451064788168464
defi,3,Leader-BFT,25,50,0.24320816273347332
defi,3,Leader-BFT,50,100,0.12206021168484264
defi,3,Leader-BFT,100,200,0.005779706026111976
defi,3,Leader-BFT,200,400,0.0
defi,3,Leader-BFT,400,800,0.0
defi,3,Leader-BFT,800,1600,0.0
defi,3,DAG+BFT,0,5,0.46817288506833493
defi,3,DAG+BFT,5,10,0.4329613270170629
defi,3,DAG+BFT,10,25,0.3744825687614185
defi,3,DAG+BFT,25,50,0.259274850284397
defi,3,DAG+BFT,50,100,0.10960698689956332
defi,3,DAG+BFT,100,200,0.01112510706907845
defi,3,DAG+BFT,200,400,0.0
defi,3,DAG+BFT,400,800,0.0
defi,3,DAG+BFT,800,1600,0.0
defi,3,Median-TS,0,5,0.462432428377831
defi,3,Median-TS,5,10,0.3871361469468608
defi,3,Median-TS,10,25,0.2589887724813167
defi,3,Median-TS,25,50,0.08887207571938932
defi,3,Median-TS,50,100,0.013269537800359478
defi,3,Median-TS,100,200,0.000292195851826476
defi,3,Median-TS,200,400,0.0
defi,3,Median-TS,400,800,0.0
defi,3,Median-TS,800,1600,0.0
defi,3,ChronoSeq,0,5,0.4895084262639396
defi,3,ChronoSeq,5,10,0.4828722925316392
defi,3,ChronoSeq,10,25,0.4657938068997963
defi,3,ChronoSeq,25,50,0.4346891426681566
defi,3,ChronoSeq,50,100,0.3785575127036092
defi,3,ChronoSeq,100,200,0.2615294716215059
defi,3,ChronoSeq,200,400,0.06997288817132238
defi,3,ChronoSeq,400,800,0.00033591904867725413
defi,3,ChronoSeq,800,1600,0.0
defi,4,FIFO,0,5,0.42087419179013796
defi,4,FIFO,5,10,0.35055548052441765
defi,4,FIFO,10,25,0.2702352417220034
defi,4,FIFO,25,50,0.22357289897972984
defi,4,FIFO,50,100,0.11325774116962059
defi,4,FIFO,100,200,0.0
defi,4,FIFO,200,400,0.0
defi,4,FIFO,400,800,0.0
defi,4,FIFO,800,1600,0.0
defi,4,Leader-BFT,0,5,0.46255088059686567
defi,4,Leader-BFT,5,10,0.4190066523283149
defi,4,Leader-BFT,10,25,0.3457706837457156
defi,4,Leader-BFT,25,50,0.24568179541128143
defi,4,Leader-BFT,50,100,0.12220878232893832
defi,4,Leader-BFT,100,200,0.005612113694465034
defi,4,Leader-BFT,200,400,0.0
defi,4,Leader-BFT,400,800,0.0
defi,4,Leader-BFT,800,1600,0.0
defi,4,DAG+BFT,0,5,0.46739478316530647
defi,4,DAG+BFT,5,10,0.4325147544263279
defi,4,DAG+BFT,10,25,0.3690604859693367
defi,4,DAG+BFT,25,50,0.25838497492648277
defi,4,DAG+BFT,50,100,0.11013355148582929
defi,4,DAG+BFT,100,200,0.011365355331229012
defi,4,DAG+BFT,200,400,0.0
defi,4,DAG+BFT,400,800,0.0
defi,4,DAG+BFT,800,1600,0.0
defi,4,Median-TS,0,5,0.4619027378422303
defi,4,Median-TS,5,10,0.3867260178053416
defi,4,Median-TS,10,25,0.25809534770838233
defi,4,Median-TS,25,50,0.09143406640188718
defi,4,Median-TS,50,100,0.013013083342952208
defi,4,Median-TS,100,200,0.0002772778374345246
defi,4,Median-TS,200,400,0.0
defi,4,Median-TS,400,800,0.0
defi,4,Median-TS,800,1600,0.0
defi,4,ChronoSeq,0,5,0.49001135130540013
defi,4,ChronoSeq,5,10,0.480243480348515
defi,4,ChronoSeq,10,25,0.46605818596691384
defi,4,ChronoSeq,25,50,0.4337338535588534
defi,4,ChronoSeq,50,100,0.3753337616189195
defi,4,ChronoSeq,100,200,0.25872472564310667
defi,4,ChronoSeq,200,400,0.06863992670263667
defi,4,ChronoSeq,400,800,0.00023354179100604612
defi,4,ChronoSeq,800,1600,0.0
defi,5,FIFO,0,5,0.4196765256008882
defi,5,FIFO,5,10,0.35299797866591953
defi,5,FIFO,10,25,0.273053604417721
defi,5,FIFO,25,50,0.22067582472676225
defi,5,FIFO,50,100,0.11427007097613534
defi,5,FIFO,100,200,1.0078816343808582e-05
defi,5,FIFO,200,400,0.0
defi,5,FIFO,400,800,0.0
defi,5,FIFO,800,1600,0.0
defi,5,Leader-BFT,0,5,0.46192855321000437
defi,5,Leader-BFT,5,10,0.4166474890687692
defi,5,Leader-BFT,10,25,0.34461543082560725
defi,5,Leader-BFT,25,50,0.2438442412576195
defi,5,Leader-BFT,50,100,0.12132003917924504
defi,5,Leader-BFT,100,200,0.005789579764184218
defi,5,Leader-BFT,200,400,0.0
defi,5,Leader-BFT,400,800,0.0
defi,5,Leader-BFT,800,1600,0.0
defi,5,DAG+BFT,0,5,0.46928047694785385
defi,5,DAG+BFT,5,10,0.4339478226068686
defi,5,DAG+BFT,10,25,0.37087100617784585
defi,5,DAG+BFT,25,50,0.2598193519929425
defi,5,DAG+BFT,50,100,0.11043872160061068
defi,5,DAG+BFT,100,200,0.011048164351525171
defi,5,DAG+BFT,200,400,0.0
defi,5,DAG+BFT,400,800,0.0
defi,5,DAG+BFT,800,1600,0.0
defi,5,Median-TS,0,5,0.46161424706311854
defi,5,Median-TS,5,10,0.38717036636798896
defi,5,Median-TS,10,25,0.2614307098479577
defi,5,Median-TS,25,50,0.09146460671622712
defi,5,Median-TS,50,100,0.013670697898670096
defi,5,Median-TS,100,200,0.00031750831569398244
defi,5,Median-TS,200,400,0.0
defi,5,Median-TS,400,800,0.0
defi,5,Median-TS,800,1600,0.0
defi,5,ChronoSeq,0,5,0.48877140685019205
defi,5,ChronoSeq,5,10,0.48029739032981106
defi,5,ChronoSeq,10,25,0.4654086475877676
defi,5,ChronoSeq,25,50,0.43503824523062423
defi,5,ChronoSeq,50,100,0.37895656628048874
defi,5,ChronoSeq,100,200,0.264083690446181
defi,5,ChronoSeq,200,400,0.07180803741643578
defi,5,ChronoSeq,400,800,0.00031564676539683526
defi,5,ChronoSeq,800,1600,0.0
defi,6,FIFO,0,5,0.4213516297770621
defi,6,FIFO,5,10,0.34847006918078544
defi,6,FIFO,10,25,0.27009943999319386
defi,6,FIFO,25,50,0.2199254897247927
defi,6,FIFO,50,100,0.1126502639025467
defi,6,FIFO,100,200,5.037453466523603e-06
defi,6,FIFO,200,400,0.0
defi,6,FIFO,400,800,0.0
defi,6,FIFO,800,1600,0.0
defi,6,Leader-BFT,0,5,0.46289869277777224
defi,6,Leader-BFT,5,10,0.41774918842131065
defi,6,Leader-BFT,10,25,0.34867871278953977
defi,6,Leader-BFT,25,50,0.2455373241976199
defi,6,Leader-BFT,50,100,0.1223007144577346
defi,6,Leader-BFT,100,200,0.0054602144796425675
defi,6,Leader-BFT,200,400,0.0
defi,6,Leader-BFT,400,800,0.0
defi,6,Leader-BFT,800,1600,0.0
defi,6,DAG+BFT,0,5,0.469159757158717
defi,6,DAG+BFT,5,10,0.43378954318986734
defi,6,DAG+BFT,10,25,0.3727395546659995
defi,6,DAG+BFT,25,50,0.2558637956935403
defi,6,DAG+BFT,50,100,0.10865474834546741
defi,6,DAG+BFT,100,200,0.010809340559708258
defi,6,DAG+BFT,200,400,0.0
defi,6,DAG+BFT,400,800,0.0
defi,6,DAG+BFT,800,1600,0.0
defi,6,Median-TS,0,5,0.4628605432651918
defi,6,Median-TS,5,10,0.38712065507185484
defi,6,Median-TS,10,25,0.2600598586614883
defi,6,Median-TS,25,50,0.09261902258011208
defi,6,Median-TS,50,100,0.01355513861157655
defi,6,Median-TS,100,200,0.0003324484830778685
defi,6,Median-TS,200,400,0.0
defi,6,Median-TS,400,800,0.0
defi,6,Median-TS,800,1600,0.0
defi,6,ChronoSeq,0,5,0.49070578056940534
defi,6,ChronoSeq,5,10,0.4807553776888444
defi,6,ChronoSeq,10,25,0.4670189714102699
defi,6,ChronoSeq,25,50,0.43229140585095194
defi,6,ChronoSeq,50,100,0.37751405058209553
defi,6,ChronoSeq,100,200,0.2590563917541358
defi,6,ChronoSeq,200,400,0.07090930335343396
defi,6,ChronoSeq,400,800,0.00019118186562498384
defi,6,ChronoSeq,800,1600,0.0
defi,7,FIFO,0,5,0.4204790958191638
defi,7,FIFO,5,10,0.34918427279958775
defi,7,FIFO,10,25,0.271529543679795
defi,7,FIFO,25,50,0.22169976840480032
defi,7,FIFO,50,100,0.11302238449909849
defi,7,FIFO,100,200,0.0
defi,7,FIFO,200,400,0.0
defi,7,FIFO,400,800,0.0
defi,7,FIFO,800,1600,0.0
defi,7,Leader-BFT,0,5,0.4629545352250734
defi,7,Leader-BFT,5,10,0.4182929696684693
defi,7,Leader-BFT,10,25,0.3450425014267263
defi,7,Leader-BFT,25,50,0.24262196497030744
defi,7,Leader-BFT,50,100,0.12205325485390572
defi,7,Leader-BFT,100,200,0.005735298568445265
defi,7,Leader-BFT,200,400,0.0
defi,7,Leader-BFT,400,800,0.0
defi,7,Leader-BFT,800,1600,0.0
defi,7,DAG+BFT,0,5,0.46679135640093417
defi,7,DAG+BFT,5,10,0.432573984032655
defi,7,DAG+BFT,10,25,0.3686112751919746
defi,7,DAG+BFT,25,50,0.2567499160489372
defi,7,DAG+BFT,50,100,0.10725804020857824
defi,7,DAG+BFT,100,200,0.010468669631781186
defi,7,DAG+BFT,200,400,0.0
defi,7,DAG+BFT,400,800,0.0
defi,7,DAG+BFT,800,1600,0.0
defi,7,Median-TS,0,5,0.4601713265556161
defi,7,Median-TS,5,10,0.3864822272806864
defi,7,Median-TS,10,25,0.25902917870140013
defi,7,Median-TS,25,50,0.09016874063456903
defi,7,Median-TS,50,100,0.014110746764822562
defi,7,Median-TS,100,200,0.0003076923076923077
defi,7,Median-TS,200,400,0.0
defi,7,Median-TS,400,800,0.0
defi,7,Median-TS,800,1600,0.0
defi,7,ChronoSeq,0,5,0.48850339047466645
defi,7,ChronoSeq,5,10,0.4810055027513757
defi,7,ChronoSeq,10,25,0.46668168280901967
defi,7,ChronoSeq,25,50,0.4351511202445993
defi,7,ChronoSeq,50,100,0.3759078990988819
defi,7,ChronoSeq,100,200,0.2632125868270118
defi,7,ChronoSeq,200,400,0.07042432498373455
defi,7,ChronoSeq,400,800,0.0001709649677238864
defi,7,ChronoSeq,800,1600,0.0
defi,8,FIFO,0,5,0.4216698170762199
defi,8,FIFO,5,10,0.34797985103371
defi,8,FIFO,10,25,0.2732733935401189
defi,8,FIFO,25,50,0.21980488733671716
defi,8,FIFO,50,100,0.111904893391637
defi,8,FIFO,100,200,0.0
defi,8,FIFO,200,400,0.0
defi,8,FIFO,400,800,0.0
defi,8,FIFO,800,1600,0.0
defi,8,Leader-BFT,0,5,0.4635029378672334
defi,8,Leader-BFT,5,10,0.4194176117178003
defi,8,Leader-BFT,10,25,0.34652275776447267
defi,8,Leader-BFT,25,50,0.245869601166584
defi,8,Leader-BFT,50,100,0.12269072977709485
defi,8,Leader-BFT,100,200,0.005291645248102567
defi,8,Leader-BFT,200,400,0.0
defi,8,Leader-BFT,400,800,0.0
defi,8,Leader-BFT,800,1600,0.0
defi,8,DAG+BFT,0,5,0.4661845895343255
defi,8,DAG+BFT,5,10,0.43339886642754594
defi,8,DAG+BFT,10,25,0.3694744535779008
defi,8,DAG+BFT,25,50,0.25782318720028863
defi,8,DAG+BFT,50,100,0.10799558033247954
defi,8,DAG+BFT,100,200,0.011117494683156441
defi,8,DAG+BFT,200,400,0.0
defi,8,DAG+BFT,400,800,0.0
defi,8,DAG+BFT,800,1600,0.0
defi,8,Median-TS,0,5,0.46066567322405466
defi,8,Median-TS,5,10,0.38759817899844917
defi,8,Median-TS,10,25,0.261398450171202
defi,8,Median-TS,25,50,0.09157971755319683
defi,8,Median-TS,50,100,0.013512767079263853
defi,8,Median-TS,100,200,0.00035779617712422584
defi,8,Median-TS,200,400,0.0
defi,8,Median-TS,400,800,0.0
defi,8,Median-TS,800,1600,0.0
defi,8,ChronoSeq,0,5,0.4907332393154699
defi,8,ChronoSeq,5,10,0.4801356807300344
defi,8,ChronoSeq,10,25,0.465806083478905
defi,8,ChronoSeq,25,50,0.4369049289422518
defi,8,ChronoSeq,50,100,0.3772594898574011
defi,8,ChronoSeq,100,200,0.2608397669777661
defi,8,ChronoSeq,200,400,0.06993387036152901
defi,8,ChronoSeq,400,800,0.00024260694062324173
defi,8,ChronoSeq,800,1600,0.0
defi,9,FIFO,0,5,0.4198969896989699
defi,9,FIFO,5,10,0.35042863287619164
defi,9,FIFO,10,25,0.2707963184473016
defi,9,FIFO,25,50,0.2223185298007936
defi,9,FIFO,50,100,0.11363545076617196
defi,9,FIFO,100,200,0.0
defi,9,FIFO,200,400,0.0
defi,9,FIFO,400,800,0.0
defi,9,FIFO,800,1600,0.0
defi,9,Leader-BFT,0,5,0.46187004310560376
defi,9,Leader-BFT,5,10,0.4194484179779327
defi,9,Leader-BFT,10,25,0.3434635093478522
defi,9,Leader-BFT,25,50,0.2411614390219461
defi,9,Leader-BFT,50,100,0.12120968632925887
defi,9,Leader-BFT,100,200,0.0056154831939132805
defi,9,Leader-BFT,200,400,0.0
defi,9,Leader-BFT,400,800,0.0
defi,9,Leader-BFT,800,1600,0.0
defi,9,DAG+BFT,0,5,0.46761078940262235
defi,9,DAG+BFT,5,10,0.4332581392208156
defi,9,DAG+BFT,10,25,0.371171784298811
defi,9,DAG+BFT,25,50,0.2585251470544026
defi,9,DAG+BFT,50,100,0.10933609125230942
defi,9,DAG+BFT,100,200,0.011147091164038777
defi,9,DAG+BFT,200,400,0.0
defi,9,DAG+BFT,400,800,0.0
defi,9,DAG+BFT,800,1600,0.0
defi,9,Median-TS,0,5,0.46113033564027683
defi,9,Median-TS,5,10,0.3894199266717686
defi,9,Median-TS,10,25,0.25938250600480384
defi,9,Median-TS,25,50,0.09269781144781145
defi,9,Median-TS,50,100,0.013995000351380927
defi,9,Median-TS,100,200,0.0002825500138752239
defi,9,Median-TS,200,400,0.0
defi,9,Median-TS,400,800,0.0
defi,9,Median-TS,800,1600,0.0
defi,9,ChronoSeq,0,5,0.48659095796016544
defi,9,ChronoSeq,5,10,0.4817647117664123
defi,9,ChronoSeq,10,25,0.4668815342345093
defi,9,ChronoSeq,25,50,0.4369814421419696
defi,9,ChronoSeq,50,100,0.376480685833601
defi,9,ChronoSeq,100,200,0.2608855697811036
defi,9,ChronoSeq,200,400,0.07021447367084235
defi,9,ChronoSeq,400,800,0.0002531383995453841
defi,9,ChronoSeq,800,1600,0.0
defi,10,FIFO,0,5,0.4203783435095036
defi,10,FIFO,5,10,0.34814036667417025
defi,10,FIFO,10,25,0.27022372630198294
defi,10,FIFO,25,50,0.22104129083984767
defi,10,FIFO,50,100,0.11300819540414592
defi,10,FIFO,100,200,5.044339746370597e-06
defi,10,FIFO,200,400,0.0
defi,10,FIFO,400,800,0.0
defi,10,FIFO,800,1600,0.0
defi,10,Leader-BFT,0,5,0.4658015152651714
defi,10,Leader-BFT,5,10,0.41673419975788134
defi,10,Leader-BFT,10,25,0.34493098977236886
defi,10,Leader-BFT,25,50,0.24296817450653196
defi,10,Leader-BFT,50,100,0.12266267763649963
defi,10,Leader-BFT,100,200,0.005984005651000278
defi,10,Leader-BFT,200,400,0.0
defi,10,Leader-BFT,400,800,0.0
defi,10,Leader-BFT,800,1600,0.0
defi,10,DAG+BFT,0,5,0.467236766434126
defi,10,DAG+BFT,5,10,0.4355916603305454
defi,10,DAG+BFT,10,25,0.3737816203010718
defi,10,DAG+BFT,25,50,0.26123927683797
defi,10,DAG+BFT,50,100,0.11134151056127649
defi,10,DAG+BFT,100,200,0.010456283353677605
defi,10,DAG+BFT,200,400,5.0824112992168e-06
defi,10,DAG+BFT,400,800,0.0
defi,10,DAG+BFT,800,1600,0.0
defi,10,Median-TS,0,5,0.459693954093114
defi,10,Median-TS,5,10,0.3846554018227838
defi,10,Median-TS,10,25,0.25558091577071695
defi,10,Median-TS,25,50,0.08838724225189788
defi,10,Median-TS,50,100,0.01279476157956052
defi,10,Median-TS,100,200,0.00024206603359674825
defi,10,Median-TS,200,400,0.0
defi,10,Median-TS,400,800,0.0
defi,10,Median-TS,800,1600,0.0
defi,10,ChronoSeq,0,5,0.48713781342828283
defi,10,ChronoSeq,5,10,0.47863538592366567
defi,10,ChronoSeq,10,25,0.4634867877683617
defi,10,ChronoSeq,25,50,0.43207890424140366
defi,10,ChronoSeq,50,100,0.37619979919678714
defi,10,ChronoSeq,100,200,0.25878301035253065
defi,10,ChronoSeq,200,400,0.06878072838018537
defi,10,ChronoSeq,400,800,0.0002016744147563618
defi,10,ChronoSeq,800,1600,0.0
