workload,seed,lagmax,vc,jain_FIFO,jain_LeaderBFT,jain_DAGBFT,jain_ChronoSeq
uniform,1,0.22541597085229093,0,0.8796459011201315,0.9990642536956603,0.9995276663588204,0.9999090366711384
uniform,2,0.225007085764112,0,0.8798167609025,0.9990927383157149,0.9994941957799396,0.9999182660210255
uniform,3,0.22768933915562162,0,0.8795939599775174,0.9991051282487484,0.9995297558132483,0.9999202001638807
uniform,4,0.23015631750998722,0,0.8797534623158497,0.9991119080523215,0.9994957450938755,0.9999199158241523
uniform,5,0.22865576150957523,0,0.8797579011218755,0.9990658906507666,0.9995149155748153,0.9999232599268502
uniform,6,0.22856080940648837,0,0.8796329049182287,0.9990604826555608,0.9995254890584435,0.9999224819988377
uniform,8,0.23083535482948392,0,0.8797493259301064,0.9991149028626879,0.9995119103256945,0.999927706908377
uniform,7,0.22634792542642668,0,0.8799319125370795,0.9991026805130614,0.9995214543815425,0.9999206276942028
uniform,10,0.23130723636959338,0,0.879875735191806,0.999043435538165,0.9995153222667995,0.9999203995028543
uniform,9,0.22589813851092444,0,0.8798287875670148,0.9990936096979373,0.999514592012163,0.999916632874254
zipf,2,0.22656038070194384,0,0.8803427735979483,0.9982518874554323,0.9990550966929344,0.9997675335770668
zipf,1,0.22745636030702698,0,0.8789198347154994,0.998147778469667,0.9990092399852772,0.9997497677677141
zipf,4,0.22634149137275283,0,0.8802057054631484,0.9983091940861731,0.9990799767840016,0.9997777177528107
zipf,3,0.22888613937391256,0,0.8791003544909303,0.9982859283185036,0.9990764606199535,0.9997573240445979
zipf,6,0.2268773170751297,0,0.8786176170419369,0.998225175410089,0.9990584023235808,0.999778085786181
zipf,5,0.2263430028387079,0,0.8794015940232749,0.998337691589449,0.9990564366991409,0.9997651458445045
zipf,7,0.22806604922332951,0,0.8798765746575311,0.9982978520320676,0.9990974322952059,0.999771297029544
zipf,8,0.227593820562908,0,0.8800312888493522,0.9985389912171151,0.9991544951649718,0.9997529409432748
zipf,9,0.230384142920105,0,0.8787834032208949,0.9982461813099254,0.9990120816714678,0.9997623041999542
zipf,10,0.22762536738527395,0,0.8795185240012365,0.9982148581902058,0.9991064625896334,0.9997755956333361
defi,1,0.22525292646765926,0,0.8805759594594139,0.998531463496005,0.9992933908171463,0.9998281042548862
defi,2,0.2287330032581849,0,0.8805053382480877,0.9985291350323292,0.9993031401816852,0.9998354482904801
defi,3,0.22897631598776647,0,0.878727298376069,0.9986741332179898,0.9992654786913696,0.9998359701442557
defi,4,0.2279233564901073,0,0.8803412169416722,0.9985127223931117,0.9992771501560087,0.9998491251211864
defi,5,0.22924436936073356,0,0.8799675399142399,0.9985769562441936,0.9992645081427497,0.9998451615127255
defi,6,0.22784203725632146,0,0.8804023812927889,0.9986026898857522,0.9993532488516335,0.9998436020118422
defi,7,0.22760167812813137,0,0.8796278912083071,0.998646716949779,0.9992606770548091,0.9998364368889899
defi,8,0.22969093966904275,0,0.8799548563222424,0.9986559760781948,0.9992876117419586,0.9998473538091971
defi,9,0.22730437383529667,0,0.8798734062166977,0.9986541401633695,0.9993089237471201,0.9998476732787607
defi,10,0.23372808970247494,0,0.880243359039301,0.9986012053278651,0.9992555000478831,0.9998444759487124
