system,n,seed,lagmax,vc,timer_late,spread,p50,p95,p99
DAG+BFT,8,2,0.2400935474048081,0.0,0.0,0.09329204729187168,0.6385111919469804,0.7824759345391499,0.8135848029925032
ChronoSeq-fast,8,2,0.2400935474048081,0.0,0.0,0.09027346785715196,1.330810093352099,1.4951965979238437,1.555696774307692
ChronoSeq-safe,8,2,0.2400935474048081,0.0,0.0,0.09027346785715196,2.1808100933520986,2.3451965979238434,2.4056967743076916
FIFO,8,2,,,,,0.11097452576842315,0.14960742572966623,0.15774791525052656
Leader-BFT,8,2,,,,,0.46169898866746806,0.6037304361210722,0.6337703439671794
DAG+BFT,8,1,0.24352107317401916,0.0,0.0,0.08946272352063644,0.6365146576075063,0.7803100528369775,0.8106951516826086
ChronoSeq-fast,8,1,0.24352107317401916,0.0,0.0,0.09072869500137415,1.3316397705052339,1.4967519183263,1.5589188687546773
ChronoSeq-safe,8,1,0.24352107317401916,0.0,0.0,0.09072869500137415,2.1816397705052317,2.346751918326298,2.408918868754677
FIFO,8,1,,,,,0.11111248034320553,0.1496294166984562,0.15803856755920442
Leader-BFT,8,1,,,,,0.4617398078714352,0.604810349143099,0.6356644367036122
DAG+BFT,8,3,0.24011355118978095,0.0,0.0,0.09177938835989963,0.637842259892837,0.7813408355777245,0.8124649669487738
ChronoSeq-fast,8,3,0.24011355118978095,0.0,0.0,0.08926139799828015,1.3305919865405595,1.4955743558086905,1.5588051586748595
ChronoSeq-safe,8,3,0.24011355118978095,0.0,0.0,0.08926139799828015,2.180591986540559,2.34557435580869,2.408805158674859
FIFO,8,3,,,,,0.11105778682266276,0.14971036159267825,0.15795178934302845
Leader-BFT,8,3,,,,,0.46151085917799506,0.6041001961576313,0.6343177633038071
DAG+BFT,8,4,0.24720267387599293,0.0,0.0,0.08929894968643026,0.6362329803376774,0.7780627878178237,0.8103440638237771
ChronoSeq-fast,8,4,0.24720267387599293,0.0,0.0,0.09044905776373469,1.3313952298210872,1.49670649479744,1.5586749237190007
ChronoSeq-safe,8,4,0.24720267387599293,0.0,0.0,0.09044905776373469,2.181395229821087,2.3467064947974396,2.4086749237189995
FIFO,8,4,,,,,0.11109291879129302,0.14960883998366636,0.15795875387591352
Leader-BFT,8,4,,,,,0.46181379153950886,0.6052586260171609,0.6366098685815551
DAG+BFT,8,5,0.2424076014967742,0.0,0.0,0.09107300809441442,0.6370818841285324,0.7793537775657562,0.8117962396680598
ChronoSeq-fast,8,5,0.2424076014967742,0.0,0.0,0.0905122350751073,1.3319294536307664,1.4973839306032977,1.5621084240459218
ChronoSeq-safe,8,5,0.2424076014967742,0.0,0.0,0.0905122350751073,2.181929453630765,2.3473839306032973,2.4121084240459223
FIFO,8,5,,,,,0.11103099708594488,0.14966231412985564,0.1578979008624053
Leader-BFT,8,5,,,,,0.461772790673475,0.6047325890107951,0.6349672069483603
DAG+BFT,8,6,0.24503321282995216,0.0,0.0,0.09175246419321859,0.636706692323072,0.7789032962265288,0.8105123405992529
ChronoSeq-fast,8,6,0.24503321282995216,0.0,0.0,0.08838931644718606,1.3315443660343949,1.496999637212646,1.5601004443377633
ChronoSeq-safe,8,6,0.24503321282995216,0.0,0.0,0.08838931644718606,2.1815443660343945,2.3469996372126456,2.4101004443377647
FIFO,8,6,,,,,0.11096491865519376,0.14966923046186942,0.15788550736943385
Leader-BFT,8,6,,,,,0.46122680051314013,0.6051658088288718,0.6353139915754911
DAG+BFT,8,7,0.2448582337933516,0.0,0.0,0.09398621939343599,0.6369873234691585,0.7795531030409109,0.8113838480064253
ChronoSeq-fast,8,7,0.2448582337933516,0.0,0.0,0.09334080196393568,1.3323998472358465,1.4967169284523276,1.5573082992520728
ChronoSeq-safe,8,7,0.2448582337933516,0.0,0.0,0.09334080196393568,2.182399847235846,2.3467169284523255,2.4073082992520725
FIFO,8,7,,,,,0.11115311681777307,0.1495783143228655,0.15794695183249274
Leader-BFT,8,7,,,,,0.46186895850527954,0.6041918774046628,0.6356418161011987
DAG+BFT,8,8,0.24613319162202174,0.0,0.0,0.09242808406564818,0.6383008026912975,0.7805564690143907,0.8110022027936115
ChronoSeq-fast,8,8,0.24613319162202174,0.0,0.0,0.08991928190041842,1.33131077415936,1.4961559095921366,1.563691858647819
ChronoSeq-safe,8,8,0.24613319162202174,0.0,0.0,0.08991928190041842,2.1813107741593605,2.3461559095921345,2.4136918586478187
FIFO,8,8,,,,,0.11091038027835864,0.1496664254954183,0.15797728575918235
Leader-BFT,8,8,,,,,0.46041030344424616,0.6035005793627626,0.6348585043763766
DAG+BFT,8,9,0.24466117194339176,0.0,0.0,0.0897851404652279,0.6368653024395243,0.7798714577056085,0.8102415555106575
ChronoSeq-fast,8,9,0.24466117194339176,0.0,0.0,0.09228452711701385,1.3310067827046481,1.495775021391582,1.55989260792132
ChronoSeq-safe,8,9,0.24466117194339176,0.0,0.0,0.09228452711701385,2.181006782704646,2.3457750213915816,2.4098926079213214
FIFO,8,9,,,,,0.11108689078116285,0.14962910593101508,0.15779515931155785
Leader-BFT,8,9,,,,,0.46239591658993184,0.6064434313554776,0.6368870878288817
DAG+BFT,8,10,0.2461760230523531,0.0,0.0,0.0932035483231104,0.636682093311002,0.7793310693476272,0.8102551120904522
ChronoSeq-fast,8,10,0.2461760230523531,0.0,0.0,0.0915635121574283,1.3313104928880097,1.4958597925503074,1.5588134907539697
ChronoSeq-safe,8,10,0.2461760230523531,0.0,0.0,0.0915635121574283,2.1813104928880103,2.345859792550307,2.4088134907539693
FIFO,8,10,,,,,0.11115644247473355,0.1497010599055031,0.15791371437416357
Leader-BFT,8,10,,,,,0.462745164761591,0.6052142336793764,0.635366097762077
DAG+BFT,16,1,0.18947588425527684,0.0,0.0,0.09463118591381914,0.5645654337184198,0.7021320422497972,0.7514689695113876
ChronoSeq-fast,16,1,0.18947588425527684,0.0,0.0,0.09445186678904349,1.2998358810882902,1.4561764625195321,1.4976238803266781
ChronoSeq-safe,16,1,0.18947588425527684,0.0,0.0,0.09445186678904349,2.14983588108829,2.3061764625195336,2.347623880326676
FIFO,16,1,,,,,0.11111248034320553,0.1496294166984562,0.15803856755920442
Leader-BFT,16,1,,,,,0.40378505791800023,0.5316229179505072,0.5781682683985778
DAG+BFT,16,2,0.1951993196929962,0.0,0.0,0.09364170522713255,0.5658438575395728,0.706012021133466,0.7573360928415895
ChronoSeq-fast,16,2,0.1951993196929962,0.0,0.0,0.09468182374208567,1.3004525458241183,1.456020703410406,1.4969640613088107
ChronoSeq-safe,16,2,0.1951993196929962,0.0,0.0,0.09468182374208567,2.150452545824118,2.306020703410404,2.3469640613088103
FIFO,16,2,,,,,0.11097452576842315,0.14960742572966623,0.15774791525052656
Leader-BFT,16,2,,,,,0.4042987592280003,0.5310484626548968,0.5764354432446597
DAG+BFT,16,3,0.18997187519255476,0.0,0.0,0.09492130707900515,0.5656522172244891,0.7045409834017935,0.7552073737895277
ChronoSeq-fast,16,3,0.18997187519255476,0.0,0.0,0.09541458918301515,1.299589528819169,1.4569099933262324,1.4975426158763039
ChronoSeq-safe,16,3,0.18997187519255476,0.0,0.0,0.09541458918301515,2.1495895288191704,2.306909993326232,2.3475426158763035
FIFO,16,3,,,,,0.11105778682266276,0.14971036159267825,0.15795178934302845
Leader-BFT,16,3,,,,,0.40437223519859167,0.5328765655084542,0.5762126607134403
DAG+BFT,16,4,0.19614816264634172,0.0,0.0,0.0955143316845728,0.5646989935632902,0.7042624966707152,0.7553375662824333
ChronoSeq-fast,16,4,0.19614816264634172,0.0,0.0,0.09601353664713153,1.299831626057065,1.4578028046587024,1.4990432475772515
ChronoSeq-safe,16,4,0.19614816264634172,0.0,0.0,0.09601353664713153,2.1498316260570647,2.307802804658702,2.3490432475772494
FIFO,16,4,,,,,0.11109291879129302,0.14960883998366636,0.15795875387591352
Leader-BFT,16,4,,,,,0.40209309868811616,0.5300386253440177,0.5733165874932027
DAG+BFT,16,5,0.19474156717499547,0.0,0.0,0.09493047752764738,0.564414326215676,0.702688715615249,0.7544030003572111
ChronoSeq-fast,16,5,0.19474156717499547,0.0,0.0,0.09490936348231394,1.3003994769332472,1.4569596023765121,1.4978723474963909
ChronoSeq-safe,16,5,0.19474156717499547,0.0,0.0,0.09490936348231394,2.150399476933247,2.306959602376512,2.3478723474963914
FIFO,16,5,,,,,0.11103099708594488,0.14966231412985564,0.1578979008624053
Leader-BFT,16,5,,,,,0.4042325563910474,0.5321972531414012,0.5761644815164573
DAG+BFT,16,6,0.19568924054405734,0.0,0.0,0.09553339644856607,0.5646559739635073,0.7049382195311047,0.7557891474058724
ChronoSeq-fast,16,6,0.19568924054405734,0.0,0.0,0.09507072147459183,1.3002622312716792,1.4560661696358679,1.4962573572843905
ChronoSeq-safe,16,6,0.19568924054405734,0.0,0.0,0.09507072147459183,2.150262231271679,2.3060661696358657,2.34625735728439
FIFO,16,6,,,,,0.11096491865519376,0.14966923046186942,0.15788550736943385
Leader-BFT,16,6,,,,,0.4037411988676123,0.531876999824215,0.574463880620435
DAG+BFT,16,7,0.19212402990934585,0.0,0.0,0.09489172098633958,0.5647838054441419,0.7034087313865776,0.7526823945962811
ChronoSeq-fast,16,7,0.19212402990934585,0.0,0.0,0.09758147709213816,1.3008107876958483,1.4564875350556719,1.4958956205316785
ChronoSeq-safe,16,7,0.19212402990934585,0.0,0.0,0.09758147709213816,2.150810787695846,2.3064875350556715,2.345895620531678
FIFO,16,7,,,,,0.11115311681777307,0.1495783143228655,0.15794695183249274
Leader-BFT,16,7,,,,,0.40397738548824336,0.5323494831675077,0.5771455138097608
DAG+BFT,16,8,0.19223337115870365,0.0,0.0,0.09322259514025433,0.5652771718854059,0.7047557622276805,0.7565054588898095
ChronoSeq-fast,16,8,0.19223337115870365,0.0,0.0,0.09670074435874021,1.3001723530789846,1.456874030931555,1.497773991400397
ChronoSeq-safe,16,8,0.19223337115870365,0.0,0.0,0.09670074435874021,2.1501723530789842,2.3068740309315547,2.3477739914003948
FIFO,16,8,,,,,0.11091038027835864,0.1496664254954183,0.15797728575918235
Leader-BFT,16,8,,,,,0.4039538873224977,0.5326310287757359,0.5770343684951627
DAG+BFT,16,9,0.19205831263606754,0.0,0.0,0.09347673821822333,0.5651786647917252,0.7060833604355148,0.7564280225181257
ChronoSeq-fast,16,9,0.19205831263606754,0.0,0.0,0.09421566367141132,1.3003228156255142,1.457114270582844,1.4983199897829547
ChronoSeq-safe,16,9,0.19205831263606754,0.0,0.0,0.09421566367141132,2.1503228156255147,2.3071142705828436,2.3483199897829543
FIFO,16,9,,,,,0.11108689078116285,0.14962910593101508,0.15779515931155785
Leader-BFT,16,9,,,,,0.4041911885408318,0.5325565028855408,0.5754958000801924
DAG+BFT,16,10,0.1916825987184323,0.0,0.0,0.09268772125243885,0.5633465517336926,0.7015262729772758,0.7543614609535605
ChronoSeq-fast,16,10,0.1916825987184323,0.0,0.0,0.09520843103621424,1.300544101587164,1.4567958304104782,1.4963840210685078
ChronoSeq-safe,16,10,0.1916825987184323,0.0,0.0,0.09520843103621424,2.1505441015871654,2.3067958304104788,2.3463840210685074
FIFO,16,10,,,,,0.11115644247473355,0.1497010599055031,0.15791371437416357
Leader-BFT,16,10,,,,,0.4039389779993612,0.5316477044879946,0.5780970976374071
DAG+BFT,32,1,0.22541597085229093,0.0,0.0,0.08568194462619161,0.6331592418445249,0.7729558844480557,0.8042331743395561
ChronoSeq-fast,32,1,0.22541597085229093,0.0,0.0,0.08395958087459476,1.3364465590756964,1.50399624236033,1.56014891575896
ChronoSeq-safe,32,1,0.22541597085229093,0.0,0.0,0.08395958087459476,2.1864465590756943,2.3539962423603304,2.4101489157589597
FIFO,32,1,,,,,0.11111248034320553,0.1496294166984562,0.15803856755920442
Leader-BFT,32,1,,,,,0.46192890690695343,0.6030546846373541,0.633718948274689
DAG+BFT,32,2,0.225007085764112,0.0,0.0,0.08720869284438049,0.6333192643154533,0.7731842135278537,0.8037736048181463
ChronoSeq-fast,32,2,0.225007085764112,0.0,0.0,0.0839466737176302,1.3361288657794699,1.502435215831948,1.5581298529706373
ChronoSeq-safe,32,2,0.225007085764112,0.0,0.0,0.0839466737176302,2.1861288657794677,2.352435215831946,2.408129852970635
FIFO,32,2,,,,,0.11097452576842315,0.14960742572966623,0.15774791525052656
Leader-BFT,32,2,,,,,0.4615907092651348,0.6024958723412794,0.6328553464293272
DAG+BFT,32,3,0.22768933915562162,0.0,0.0,0.08689719480537939,0.6333238261731253,0.773518105884353,0.8046485902248932
ChronoSeq-fast,32,3,0.22768933915562162,0.0,0.0,0.08498780014139484,1.3359121516445294,1.501961203362014,1.5584641389744798
ChronoSeq-safe,32,3,0.22768933915562162,0.0,0.0,0.08498780014139484,2.18591215164453,2.3519612033620145,2.4084641389744794
FIFO,32,3,,,,,0.11105778682266276,0.14971036159267825,0.15795178934302845
Leader-BFT,32,3,,,,,0.46146000599800985,0.6033170456012087,0.634080593322011
DAG+BFT,32,4,0.23015631750998722,0.0,0.0,0.08563655857853547,0.6325175068620368,0.7731929386007863,0.8035396872355456
ChronoSeq-fast,32,4,0.23015631750998722,0.0,0.0,0.08354499102397028,1.3361174205471862,1.5021249097701173,1.5597321199178906
ChronoSeq-safe,32,4,0.23015631750998722,0.0,0.0,0.08354499102397028,2.186117420547184,2.352124909770117,2.409732119917891
FIFO,32,4,,,,,0.11109291879129302,0.14960883998366636,0.15795875387591352
Leader-BFT,32,4,,,,,0.4626131051321405,0.6041240334121127,0.6349623029239275
DAG+BFT,32,5,0.22865576150957523,0.0,0.0,0.086601168225382,0.6340842113714151,0.7739313920666717,0.8047010521186486
ChronoSeq-fast,32,5,0.22865576150957523,0.0,0.0,0.08627701451976932,1.3364726321125069,1.5022893866292186,1.5575185199830077
ChronoSeq-safe,32,5,0.22865576150957523,0.0,0.0,0.08627701451976932,2.1864726321125065,2.3522893866292183,2.4075185199830074
FIFO,32,5,,,,,0.11103099708594488,0.14966231412985564,0.1578979008624053
Leader-BFT,32,5,,,,,0.46208649215757447,0.6033457911069924,0.6347628596015062
DAG+BFT,32,6,0.22856080940648837,0.0,0.0,0.0852278598876195,0.6333975009600774,0.7742339705436976,0.8050027429893323
ChronoSeq-fast,32,6,0.22856080940648837,0.0,0.0,0.08422530882594614,1.3358106509098207,1.5014463103593094,1.5583563388892188
ChronoSeq-safe,32,6,0.22856080940648837,0.0,0.0,0.08422530882594614,2.1858106509098203,2.3514463103593073,2.4083563388892166
FIFO,32,6,,,,,0.11096491865519376,0.14966923046186942,0.15788550736943385
Leader-BFT,32,6,,,,,0.4620528658768279,0.6029740821093252,0.6337141123687893
DAG+BFT,32,7,0.22634792542642668,0.0,0.0,0.08569953453443979,0.6328971391590983,0.7733226445383039,0.8038664428049245
ChronoSeq-fast,32,7,0.22634792542642668,0.0,0.0,0.08580611835139074,1.3366236600117585,1.5036798484817275,1.559556385708074
ChronoSeq-safe,32,7,0.22634792542642668,0.0,0.0,0.08580611835139074,2.186623660011758,2.3536798484817254,2.409556385708072
FIFO,32,7,,,,,0.11115311681777307,0.1495783143228655,0.15794695183249274
Leader-BFT,32,7,,,,,0.4620556220509222,0.6041485931705459,0.6346458600110969
DAG+BFT,32,8,0.23083535482948392,0.0,0.0,0.08633700565488489,0.6330250598743525,0.7730180507411557,0.803686509949145
ChronoSeq-fast,32,8,0.23083535482948392,0.0,0.0,0.08398467621352057,1.3361322541188034,1.5013121565026903,1.557269830547222
ChronoSeq-safe,32,8,0.23083535482948392,0.0,0.0,0.08398467621352057,2.186132254118803,2.35131215650269,2.4072698305472215
FIFO,32,8,,,,,0.11091038027835864,0.1496664254954183,0.15797728575918235
Leader-BFT,32,8,,,,,0.46111390654345197,0.6028666060112577,0.6332931292153106
DAG+BFT,32,9,0.22589813851092444,0.0,0.0,0.08680324516969495,0.6336776739734056,0.7745203182449121,0.805323224244594
ChronoSeq-fast,32,9,0.22589813851092444,0.0,0.0,0.0840515613891597,1.3362352398269088,1.502860351821366,1.5599412222313944
ChronoSeq-safe,32,9,0.22589813851092444,0.0,0.0,0.0840515613891597,2.1862352398269067,2.3528603518213664,2.4099412222313923
FIFO,32,9,,,,,0.11108689078116285,0.14962910593101508,0.15779515931155785
Leader-BFT,32,9,,,,,0.46186895939724515,0.6036360595826338,0.6344952412951086
DAG+BFT,32,10,0.23130723636959338,0.0,0.0,0.08551143548424989,0.6332168731569752,0.7740980128509012,0.804834177858702
ChronoSeq-fast,32,10,0.23130723636959338,0.0,0.0,0.08407653935227088,1.3365119743616418,1.503178527172528,1.5593700613728494
ChronoSeq-safe,32,10,0.23130723636959338,0.0,0.0,0.08407653935227088,2.1865119743616397,2.353178527172526,2.409370061372851
FIFO,32,10,,,,,0.11115644247473355,0.1497010599055031,0.15791371437416357
Leader-BFT,32,10,,,,,0.4621277370676715,0.6040500046400457,0.6348008877163744
DAG+BFT,64,1,0.1983087165887536,0.0,0.0,0.08864777915555377,0.57407535635957,0.7120625493856654,0.759688436274299
ChronoSeq-fast,64,1,0.1983087165887536,0.0,0.0,0.09278658512250892,1.3068273135753987,1.4598135054193548,1.4981857161335377
ChronoSeq-safe,64,1,0.1983087165887536,0.0,0.0,0.09278658512250892,2.1568273135753984,2.3098135054193527,2.3481857161335355
FIFO,64,1,,,,,0.11111248034320553,0.1496294166984562,0.15803856755920442
Leader-BFT,64,1,,,,,0.41064326127345296,0.5396793392630919,0.5822006900173395
DAG+BFT,64,2,0.19587525210093393,0.0,0.0,0.0904585660274595,0.5741997118100004,0.712021563586207,0.7591377018644323
ChronoSeq-fast,64,2,0.19587525210093393,0.0,0.0,0.09164567851219374,1.3067688653037415,1.4605120141307957,1.4998982473860245
ChronoSeq-safe,64,2,0.19587525210093393,0.0,0.0,0.09164567851219374,2.1567688653037393,2.3105120141307935,2.3498982473860224
FIFO,64,2,,,,,0.11097452576842315,0.14960742572966623,0.15774791525052656
Leader-BFT,64,2,,,,,0.4102980539082104,0.5393782341961586,0.5819778062595553
DAG+BFT,64,3,0.19970219219529284,0.0,0.0,0.08912914898233737,0.5740792173241935,0.7116383276938798,0.7587513188279882
ChronoSeq-fast,64,3,0.19970219219529284,0.0,0.0,0.0916046762966145,1.3074604725679073,1.4609207035756935,1.4998290995898405
ChronoSeq-safe,64,3,0.19970219219529284,0.0,0.0,0.0916046762966145,2.157460472567905,2.310920703575693,2.34982909958984
FIFO,64,3,,,,,0.11105778682266276,0.14971036159267825,0.15795178934302845
Leader-BFT,64,3,,,,,0.4104369063583375,0.5401509449055801,0.5833685906518404
DAG+BFT,64,4,0.1966864636547303,0.0,0.0,0.0897368097056308,0.5750976234796976,0.7142850309175266,0.7610503081492102
ChronoSeq-fast,64,4,0.1966864636547303,0.0,0.0,0.09150854032125721,1.3067336735792168,1.4609688304906534,1.4992813469805224
ChronoSeq-safe,64,4,0.1966864636547303,0.0,0.0,0.09150854032125721,2.1567336735792146,2.3109688304906513,2.349281346980522
FIFO,64,4,,,,,0.11109291879129302,0.14960883998366636,0.15795875387591352
Leader-BFT,64,4,,,,,0.41028975486966957,0.540184857029427,0.5831630685491782
DAG+BFT,64,5,0.19503996129473644,0.0,0.0,0.09125886282718343,0.5738608688238962,0.7122334785882636,0.7597664357236269
ChronoSeq-fast,64,5,0.19503996129473644,0.0,0.0,0.09202193651837476,1.3069608095526464,1.4601614688227915,1.498981904759706
ChronoSeq-safe,64,5,0.19503996129473644,0.0,0.0,0.09202193651837476,2.156960809552646,2.3101614688227894,2.348981904759704
FIFO,64,5,,,,,0.11103099708594488,0.14966231412985564,0.1578979008624053
Leader-BFT,64,5,,,,,0.4101980664992211,0.5394693134550899,0.5816352317155413
DAG+BFT,64,6,0.1940563509866564,0.0,0.0,0.0885672724356823,0.5741249772826862,0.7125673665679226,0.7599137024736251
ChronoSeq-fast,64,6,0.1940563509866564,0.0,0.0,0.09240139816683524,1.3070158279822657,1.4602932341825077,1.4986501319498942
ChronoSeq-safe,64,6,0.1940563509866564,0.0,0.0,0.09240139816683524,2.1570158279822653,2.310293234182508,2.348650131949892
FIFO,64,6,,,,,0.11096491865519376,0.14966923046186942,0.15788550736943385
Leader-BFT,64,6,,,,,0.4102884149053949,0.53987198150541,0.5826775750025632
DAG+BFT,64,8,0.1968844780535397,0.0,0.0,0.08976204585664149,0.5749024970478729,0.7126081417617378,0.7599711473856456
ChronoSeq-fast,64,8,0.1968844780535397,0.0,0.0,0.09243283829125826,1.3070830760344982,1.461308313763908,1.4992901570874189
ChronoSeq-safe,64,8,0.1968844780535397,0.0,0.0,0.09243283829125826,2.157083076034496,2.311308313763906,2.3492901570874167
FIFO,64,8,,,,,0.11091038027835864,0.1496664254954183,0.15797728575918235
Leader-BFT,64,8,,,,,0.41059160234941405,0.5393300576889875,0.5816711460630302
DAG+BFT,64,7,0.2005400808823934,0.0,0.0,0.09039773957567032,0.5736854531196833,0.7116527379516757,0.7589642841385391
ChronoSeq-fast,64,7,0.2005400808823934,0.0,0.0,0.09201396921630511,1.3075214750487216,1.4608808402028899,1.4989244131594148
ChronoSeq-safe,64,7,0.2005400808823934,0.0,0.0,0.09201396921630511,2.1575214750487213,2.310880840202893,2.3489244131594127
FIFO,64,7,,,,,0.11115311681777307,0.1495783143228655,0.15794695183249274
Leader-BFT,64,7,,,,,0.4107374901095344,0.5405277324034992,0.583021859842777
DAG+BFT,64,9,0.19391349894916843,0.0,0.0,0.09071360417671137,0.5747371041122111,0.7127376779577883,0.7608253197417945
ChronoSeq-fast,64,9,0.19391349894916843,0.0,0.0,0.09178643666450026,1.3062781051564807,1.4598043831934158,1.498197449572853
ChronoSeq-safe,64,9,0.19391349894916843,0.0,0.0,0.09178643666450026,2.156278105156481,2.3098043831934163,2.3481974495728526
FIFO,64,9,,,,,0.11108689078116285,0.14962910593101508,0.15779515931155785
Leader-BFT,64,9,,,,,0.4100697873757624,0.5404801895683375,0.5824202130340943
DAG+BFT,64,10,0.1964946347676415,0.0,0.0,0.08892360905022656,0.5743974320370206,0.7127865675864413,0.7604917760260386
ChronoSeq-fast,64,10,0.1964946347676415,0.0,0.0,0.09160167312161627,1.306855855632623,1.459747944528086,1.4977523420278214
ChronoSeq-safe,64,10,0.1964946347676415,0.0,0.0,0.09160167312161627,2.1568558556326227,2.3097479445280857,2.347752342027821
FIFO,64,10,,,,,0.11115644247473355,0.1497010599055031,0.15791371437416357
Leader-BFT,64,10,,,,,0.4101800247564391,0.5395560318045955,0.5817862562885772
DAG+BFT,128,2,0.2208015685624467,0.0,0.0,0.08130481988645855,0.6309075488394988,0.7698121255199482,0.7998440502021023
ChronoSeq-fast,128,2,0.2208015685624467,0.0,0.0,0.07829651525829462,1.3368603083012385,1.5029086927392363,1.5571804073379631
ChronoSeq-safe,128,2,0.2208015685624467,0.0,0.0,0.07829651525829462,2.186860308301238,2.352908692739234,2.407180407337961
FIFO,128,2,,,,,0.11097452576842315,0.14960742572966623,0.15774791525052656
Leader-BFT,128,2,,,,,0.4618464053878064,0.6002959755239026,0.6310923219907894
DAG+BFT,128,1,0.21634728308005435,0.0,0.0,0.08188652889982188,0.6303491572256625,0.7696705087809281,0.8002311886505069
ChronoSeq-fast,128,1,0.21634728308005435,0.0,0.0,0.07930888308411,1.3365087063896972,1.5035114829106284,1.5574933655695027
ChronoSeq-safe,128,1,0.21634728308005435,0.0,0.0,0.07930888308411,2.186508706389695,2.35351148291063,2.4074933655695023
FIFO,128,1,,,,,0.11111248034320553,0.1496294166984562,0.15803856755920442
Leader-BFT,128,1,,,,,0.4615440411372864,0.6008097118511806,0.6317689030719027
DAG+BFT,128,3,0.21857336690603368,0.0,0.0,0.08078170673890206,0.6304589059038026,0.7696081698395796,0.7997662573997655
ChronoSeq-fast,128,3,0.21857336690603368,0.0,0.0,0.07953768663713667,1.3372526267925853,1.502967083489386,1.557405477261554
ChronoSeq-safe,128,3,0.21857336690603368,0.0,0.0,0.07953768663713667,2.187252626792585,2.3529670834893865,2.407405477261553
FIFO,128,3,,,,,0.11105778682266276,0.14971036159267825,0.15795178934302845
Leader-BFT,128,3,,,,,0.4618555156543902,0.6006850975030709,0.6312409789212445
DAG+BFT,128,4,0.21787247302790824,0.0,0.0,0.08159282321869554,0.6309442188984193,0.7696516061224585,0.7998127694272545
ChronoSeq-fast,128,4,0.21787247302790824,0.0,0.0,0.07961725973433653,1.3373942578420461,1.5029427023137316,1.5567847380892594
ChronoSeq-safe,128,4,0.21787247302790824,0.0,0.0,0.07961725973433653,2.187394257842044,2.3529427023137295,2.4067847380892573
FIFO,128,4,,,,,0.11109291879129302,0.14960883998366636,0.15795875387591352
Leader-BFT,128,4,,,,,0.46167843669086706,0.6005750102535004,0.6321130195256099
DAG+BFT,128,5,0.21977066328594852,0.0,0.0,0.08210332061889591,0.6300326313425977,0.7688214426702569,0.7991435243933687
ChronoSeq-fast,128,5,0.21977066328594852,0.0,0.0,0.07820632956819651,1.33680417490574,1.5028939003057538,1.557632521717335
ChronoSeq-safe,128,5,0.21977066328594852,0.0,0.0,0.07820632956819651,2.18680417490574,2.3528939003057516,2.4076325217173338
FIFO,128,5,,,,,0.11103099708594488,0.14966231412985564,0.1578979008624053
Leader-BFT,128,5,,,,,0.46215338481291557,0.6011172987578339,0.6322199782813516
DAG+BFT,128,6,0.2149259011904121,0.0,0.0,0.08073392712212346,0.6308031605451161,0.7692533278957647,0.7994904613625096
ChronoSeq-fast,128,6,0.2149259011904121,0.0,0.0,0.0798784755655344,1.336967667351006,1.5024344099936258,1.5560099880568972
ChronoSeq-safe,128,6,0.2149259011904121,0.0,0.0,0.0798784755655344,2.1869676673510057,2.3524344099936236,2.406009988056897
FIFO,128,6,,,,,0.11096491865519376,0.14966923046186942,0.15788550736943385
Leader-BFT,128,6,,,,,0.4621424065217159,0.6019317830365658,0.6324794896814261
DAG+BFT,128,7,0.21606671356577145,0.0,0.0,0.08112909124400502,0.6309733266455098,0.7697615843938053,0.7999952998517328
ChronoSeq-fast,128,7,0.21606671356577145,0.0,0.0,0.07929037582387721,1.336673436230278,1.502530232401977,1.5560706324079518
ChronoSeq-safe,128,7,0.21606671356577145,0.0,0.0,0.07929037582387721,2.1866734362302758,2.3525302324019766,2.4060706324079515
FIFO,128,7,,,,,0.11115311681777307,0.1495783143228655,0.15794695183249274
Leader-BFT,128,7,,,,,0.46164163698559335,0.6007970976872876,0.6314598476447877
DAG+BFT,128,8,0.22688081132453597,0.0,0.0,0.08245304988464852,0.6314185783592947,0.7705333166381294,0.8007866720845618
ChronoSeq-fast,128,8,0.22688081132453597,0.0,0.0,0.08033239145485815,1.336694358517093,1.5022329516640696,1.5548378735824877
ChronoSeq-safe,128,8,0.22688081132453597,0.0,0.0,0.08033239145485815,2.1866943585170935,2.352232951664069,2.4048378735824882
FIFO,128,8,,,,,0.11091038027835864,0.1496664254954183,0.15797728575918235
Leader-BFT,128,8,,,,,0.46237705205925117,0.6009981129489557,0.6316541447028836
DAG+BFT,128,9,0.21864542205777937,0.0,0.0,0.08133645520887,0.6304398726095606,0.7700040489603825,0.8000361487417718
ChronoSeq-fast,128,9,0.21864542205777937,0.0,0.0,0.07852451457554466,1.3364161212802927,1.5025405948692416,1.5564585324074063
ChronoSeq-safe,128,9,0.21864542205777937,0.0,0.0,0.07852451457554466,2.1864161212802924,2.3525405948692413,2.406458532407407
FIFO,128,9,,,,,0.11108689078116285,0.14962910593101508,0.15779515931155785
Leader-BFT,128,9,,,,,0.4618058112052399,0.6008205009155301,0.631736969078899
DAG+BFT,128,10,0.2175685569971142,0.0,0.0,0.08239751515109539,0.6301003028405034,0.7688523184066423,0.798833540079658
ChronoSeq-fast,128,10,0.2175685569971142,0.0,0.0,0.07838543676560183,1.3364398574067042,1.5035677405447423,1.5561776452550031
ChronoSeq-safe,128,10,0.2175685569971142,0.0,0.0,0.07838543676560183,2.186439857406704,2.353567740544742,2.4061776452550028
FIFO,128,10,,,,,0.11115644247473355,0.1497010599055031,0.15791371437416357
Leader-BFT,128,10,,,,,0.46200891507672104,0.6016626442026514,0.6318480011139123
