seed,access,fill,certify,await_cut,agreement,vdf_order,cut_interval,w_emp_p50,w_emp_max,ref_spread_max,acc_lag_max,view_changes,agreement_median,phase_recv,phase_prepare,phase_commit
1,0.007926765405843337,0.025756093534008533,0.17363002738098038,0.21621756883785628,0.2345483487930785,0.6716005260561545,0.32513114422506195,0.7903341660347423,0.8039595808745947,0.08395958087459476,0.22541597085229093,0,0.2437214559188483,0.05681959041872917,0.14997028793355452,0.23783283754293386
2,0.007930036307448351,0.025780402526459373,0.1735788272051533,0.2163231171668939,0.23402788331492685,0.6717886108094567,0.32402660654786786,0.7900756280088654,0.8039466737176302,0.0839466737176302,0.225007085764112,0,0.24325046854286503,0.05675494657482876,0.14964407612528804,0.23749903218642307
3,0.007929772551650666,0.025749086714695998,0.1736069641309343,0.2160741831592109,0.2336322055668454,0.6721163989503802,0.3255099021616221,0.7901685378700336,0.8049878001413948,0.08498780014139484,0.22768933915562162,0,0.2428185175367641,0.0567132474498423,0.14936718751994715,0.23711465941323595
4,0.00793014729825166,0.025821785819007143,0.1736352007754099,0.21602381627501685,0.2336496118337923,0.6720440304788118,0.32374169070112213,0.7904167737097094,0.8035449910239703,0.08354499102397028,0.23015631750998722,0,0.24308702159352702,0.05669912843991675,0.14945676310956307,0.23717947647556864
5,0.00792233122858131,0.025756229257880518,0.17361254375074386,0.21620662884480865,0.23398876239391814,0.6721006633723056,0.3241410910473732,0.7900082654962646,0.8062770145197693,0.08627701451976932,0.22865576150957523,0,0.24328158307720837,0.05686259120828082,0.14953872825853257,0.23737534700368718
6,0.007931528549825834,0.025797900431602697,0.1736000271868695,0.21585767625061333,0.23418354835575472,0.6716970599696406,0.32355667131443866,0.7905802522297514,0.8042253088259461,0.08422530882594614,0.22856080940648837,0,0.24289407532929408,0.056846371090697,0.14965708435124125,0.237612429565049
7,0.00792764595765852,0.025757368719685723,0.1736021127585389,0.21687958261475043,0.2340836808070049,0.6718738789347439,0.3243359772094987,0.7899879035325681,0.8058061183513907,0.08580611835139074,0.22634792542642668,0,0.243340357879831,0.05666218713977907,0.14969951459718503,0.23747089579895886
8,0.007931629559662909,0.02574790013605219,0.17357787740911748,0.21613215504423536,0.2337388384806244,0.6721047658190437,0.3256899805516138,0.7902731990021821,0.8039846762135205,0.08398467621352057,0.23083535482948392,0,0.243046380095028,0.056914182542961184,0.1495590048696373,0.23733539677993312
9,0.00792343625534958,0.025795432229822942,0.1736462336870875,0.21627706484706755,0.23387849064502472,0.6720937217627969,0.3247273126656225,0.7904828770741699,0.8040515613891597,0.0840515613891597,0.22589813851092444,0,0.24318414321387505,0.05678439113654381,0.149634300239013,0.23732295437321943
10,0.007926354380258635,0.025764460380407604,0.17361944055513825,0.2166812339727554,0.23397906891758924,0.6721141872640906,0.3224864887593055,0.7895857218095916,0.8040765393522709,0.08407653935227088,0.23130723636959338,0,0.24316502067461565,0.05675844966148852,0.14967073911228893,0.23735866304362488
