system,load,seed,p50,p99,lagmax,vc,spread
DAG+BFT,2500,1,0.6322206559283137,0.8027477095751436,0.2369763829740137,0.0,0.08659931672994148
ChronoSeq,2500,1,1.3364351211370833,1.5581486224821752,0.23132437770693137,0.0,0.08414518827459361
FIFO (relay tree),2500,1,0.10054884587529234,0.14698843482462998,,,
FIFO (direct),2500,1,0.11506258598730223,0.16188459837729408,,,
ChronoSeq (single lane),2500,1,1.382786024224277,1.590634698448036,,,
DAG+BFT,2500,2,0.6310526811905204,0.8044033363593099,0.24140616000375614,0.0,0.08344352248409344
ChronoSeq,2500,2,1.3336956354936742,1.5565552298427656,0.22248451071734188,0.0,0.08550221485897858
FIFO (relay tree),2500,2,0.1008589464414813,0.14750932289905716,,,
FIFO (direct),2500,2,0.11538372300044797,0.16211860524004074,,,
ChronoSeq (single lane),2500,2,1.3805719400044447,1.5778437552069464,,,
DAG+BFT,2500,3,0.632598641940473,0.8003274197186325,0.23913602859705385,0.0,0.08588320107990643
ChronoSeq,2500,3,1.3331829689907595,1.5577227702649816,0.22219390651366844,0.0,0.08599632650918831
FIFO (relay tree),2500,3,0.10046249700099352,0.1467355676910307,,,
FIFO (direct),2500,3,0.11494345980846443,0.16144326039470913,,,
ChronoSeq (single lane),2500,3,1.3816375971951045,1.5821528526964297,,,
DAG+BFT,2500,4,0.6335104482306582,0.8023378423763852,0.23813832215054376,0.0,0.08681101650972667
ChronoSeq,2500,4,1.332992044441415,1.5544913417433444,0.22641557296629777,0.0,0.08552995625157855
FIFO (relay tree),2500,4,0.10071174143831918,0.14708895950319434,,,
FIFO (direct),2500,4,0.11540000218171098,0.16218702988617473,,,
ChronoSeq (single lane),2500,4,1.3805629471137908,1.5847124064141784,,,
DAG+BFT,2500,5,0.6322857973152098,0.8045594278253656,0.24520805374696364,0.0,0.08516381796189354
ChronoSeq,2500,5,1.334667359866713,1.5570892672839518,0.22826548606772468,0.0,0.08270399089389091
FIFO (relay tree),2500,5,0.10052035834000606,0.1470574774654616,,,
FIFO (direct),2500,5,0.11505830920330862,0.16155971360297716,,,
ChronoSeq (single lane),2500,5,1.3797715602039062,1.5903250091628225,,,
DAG+BFT,2500,6,0.6322073896300404,0.806515155115231,0.24152853146688802,0.0,0.08509765809105918
ChronoSeq,2500,6,1.3371130846948116,1.5566882137242821,0.22972884361201285,0.0,0.08271394893697476
FIFO (relay tree),2500,6,0.10010341897931152,0.14741282952844514,,,
FIFO (direct),2500,6,0.11474259203233883,0.16189329327828617,,,
ChronoSeq (single lane),2500,6,1.3902388473360627,1.5934302804672837,,,
DAG+BFT,2500,8,0.6314692903049375,0.8058061648418722,0.2447996861539119,0.0,0.08789282161472833
ChronoSeq,2500,8,1.335174532659102,1.5583280742332706,0.22518597371345894,0.0,0.08459014073778104
FIFO (relay tree),2500,8,0.10004906944515479,0.14680882990924182,,,
FIFO (direct),2500,8,0.11474642009033698,0.16175432600602946,,,
ChronoSeq (single lane),2500,8,1.3816394427921184,1.5900897592038659,,,
DAG+BFT,2500,7,0.6303096395071259,0.8025143715107292,0.24201351856877107,0.0,0.08706215675599394
ChronoSeq,2500,7,1.3332294517771874,1.5527284148909155,0.22391903775119282,0.0,0.08364706489018647
FIFO (relay tree),2500,7,0.09995137191706815,0.1469678032699786,,,
FIFO (direct),2500,7,0.11463338234719078,0.16205020659068214,,,
ChronoSeq (single lane),2500,7,1.3807923797456603,1.5960028234304362,,,
DAG+BFT,2500,9,0.6312638288630659,0.8054021904039486,0.24617660262155205,0.0,0.08585038738662298
ChronoSeq,2500,9,1.335587852923906,1.5540497194102354,0.2326502163975661,0.0,0.08232618349832421
FIFO (relay tree),2500,9,0.10052411594759558,0.14678920817358732,,,
FIFO (direct),2500,9,0.11519918492544345,0.161463578788962,,,
ChronoSeq (single lane),2500,9,1.3764626785257894,1.5846178030480846,,,
DAG+BFT,2500,10,0.6310480132193934,0.8034252256914662,0.24192366276139143,0.0,0.08445582021565734
ChronoSeq,2500,10,1.3377944415697636,1.5559916393865603,0.22995541731518898,0.0,0.08391805302465094
FIFO (relay tree),2500,10,0.10021281655685677,0.14726180005219014,,,
FIFO (direct),2500,10,0.11515494884142896,0.1624573175596158,,,
ChronoSeq (single lane),2500,10,1.385389125262373,1.5904748785089096,,,
DAG+BFT,5000,1,0.6299332079181816,0.8022855089724796,0.243910104163084,0.0,0.08540064304878392
ChronoSeq,5000,1,1.334423821047257,1.557028234234461,0.23122380503807172,0.0,0.08324812671562842
FIFO (relay tree),5000,1,0.10201956213999974,0.14884887344049869,,,
FIFO (direct),5000,1,0.13085521917864007,0.17809733840631026,,,
ChronoSeq (single lane),5000,1,1.3687871612992657,1.5644690944348758,,,
DAG+BFT,5000,2,0.6287317590422097,0.7999100826507402,0.24280827215154144,0.0,0.08465888452607917
ChronoSeq,5000,2,1.3358441861818138,1.5576443465599423,0.22614965178838542,0.0,0.08604272790852807
FIFO (relay tree),5000,2,0.10206621170389774,0.14865401115956445,,,
FIFO (direct),5000,2,0.1307911382219249,0.17790585998408126,,,
ChronoSeq (single lane),5000,2,1.3703465404290212,1.5668185945835766,,,
DAG+BFT,5000,3,0.6292597238870203,0.8003835683767715,0.24144674057787618,0.0,0.08504862859893869
ChronoSeq,5000,3,1.3331717174126143,1.552148893590838,0.22461227217131263,0.0,0.08328811827611027
FIFO (relay tree),5000,3,0.10212350574383766,0.14847554380585404,,,
FIFO (direct),5000,3,0.13058145142065136,0.1776808308311133,,,
ChronoSeq (single lane),5000,3,1.3730085829734655,1.56630126987569,,,
DAG+BFT,5000,4,0.6319737808090329,0.8020948111007753,0.2429931724394896,0.0,0.08538763715919484
ChronoSeq,5000,4,1.3325144636585717,1.5546179209777051,0.22409370242640936,0.0,0.08408597767712855
FIFO (relay tree),5000,4,0.10179194282820259,0.14827633791179284,,,
FIFO (direct),5000,4,0.13095872138308007,0.17791623569724813,,,
ChronoSeq (single lane),5000,4,1.3702435918888103,1.5770322033558388,,,
DAG+BFT,5000,5,0.6315611029907551,0.8028113885675188,0.25062580039933774,0.0,0.08420883779123978
ChronoSeq,5000,5,1.333073131402064,1.5590341187290488,0.22899248153070229,0.0,0.084040980148961
FIFO (relay tree),5000,5,0.10244920252043155,0.14871596842246548,,,
FIFO (direct),5000,5,0.1314158578100959,0.17770632588560176,,,
ChronoSeq (single lane),5000,5,1.374007686183635,1.5712691715340261,,,
DAG+BFT,5000,6,0.628900688801,0.80243231300188,0.2424580887363872,0.0,0.08490566345834871
ChronoSeq,5000,6,1.3352576547842858,1.5638095771909626,0.2326160342031205,0.0,0.08568270099371889
FIFO (relay tree),5000,6,0.1016411871612446,0.14874040794001475,,,
FIFO (direct),5000,6,0.13039662102004534,0.17794762039676026,,,
ChronoSeq (single lane),5000,6,1.369000423475315,1.5660281135198915,,,
DAG+BFT,5000,7,0.6301993730520294,0.8012216384484514,0.24410663092793694,0.0,0.08392178647531612
ChronoSeq,5000,7,1.3323175339424091,1.5570609817692276,0.2257828192207274,0.0,0.08451394649129496
FIFO (relay tree),5000,7,0.10158283526952383,0.14848843137409418,,,
FIFO (direct),5000,7,0.13050432205462936,0.17801084256385113,,,
ChronoSeq (single lane),5000,7,1.3706566407996918,1.5682521462753076,,,
DAG+BFT,5000,8,0.6315549211104647,0.803272904001501,0.24173736052413464,0.0,0.08660392290729657
ChronoSeq,5000,8,1.3332934085271422,1.5500409456442523,0.224375854761949,0.0,0.08306651563575329
FIFO (relay tree),5000,8,0.10122145489687817,0.14897102924581063,,,
FIFO (direct),5000,8,0.13011833999936506,0.17825805946655837,,,
ChronoSeq (single lane),5000,8,1.3704961301142529,1.567256981959674,,,
DAG+BFT,5000,9,0.6311612789431829,0.8026501403826343,0.2381157045861757,0.0,0.08527971594892247
ChronoSeq,5000,9,1.3321756648705234,1.5550925901053185,0.22858698109494213,0.0,0.08260269134672171
FIFO (relay tree),5000,9,0.1020534683164338,0.14875438673220476,,,
FIFO (direct),5000,9,0.1309754612005305,0.1780855096881382,,,
ChronoSeq (single lane),5000,9,1.374079149299864,1.5702912104249087,,,
DAG+BFT,5000,10,0.6306859267193463,0.8011087857466586,0.2364297133024733,0.0,0.08569932783751577
ChronoSeq,5000,10,1.3322943102743476,1.5528656323068022,0.2306892474613118,0.0,0.081343875383463
FIFO (relay tree),5000,10,0.10115996736667476,0.14837513075203912,,,
FIFO (direct),5000,10,0.1303435088271243,0.17802935532130837,,,
ChronoSeq (single lane),5000,10,1.3717778087483272,1.5669608343712387,,,
DAG+BFT,7500,2,0.6305107432043648,0.8024746963925251,0.2479994829064135,0.0,0.08579543015397739
ChronoSeq,7500,2,1.3329042741118382,1.5567654626082224,0.22302991586003929,0.0,0.08462895813111526
FIFO (relay tree),7500,2,0.10343695458670865,0.15033629710377916,,,
FIFO (direct),7500,2,0.1465966537435177,0.19453851483929085,,,
ChronoSeq (single lane),7500,2,1.3681167349071872,1.5680397218412985,,,
DAG+BFT,7500,1,0.6288949132299564,0.800018763231626,0.24561441977248855,0.0,0.08538795191478048
ChronoSeq,7500,1,1.3318433904213398,1.553831321425454,0.22563214980246027,0.0,0.08395275431543547
FIFO (relay tree),7500,1,0.10354007748640548,0.15005284546343844,,,
FIFO (direct),7500,1,0.14712637137935136,0.1944269695102836,,,
ChronoSeq (single lane),7500,1,1.3667780736392174,1.5672401858287968,,,
DAG+BFT,7500,3,0.6312767559883827,0.8028369792440011,0.24140743014877852,0.0,0.08494789430804062
ChronoSeq,7500,3,1.3333073969822804,1.5551632786592302,0.22579622151772538,0.0,0.08287448670858133
FIFO (relay tree),7500,3,0.10352878087135409,0.14990980906369433,,,
FIFO (direct),7500,3,0.14648782547981476,0.19367801719612565,,,
ChronoSeq (single lane),7500,3,1.37357381205043,1.5751271572637515,,,
DAG+BFT,7500,4,0.6307523862457947,0.8014278924598646,0.2388535410001873,0.0,0.08540258096003672
ChronoSeq,7500,4,1.332846854841275,1.5545897582703851,0.2265758309777981,0.0,0.08260192060094917
FIFO (relay tree),7500,4,0.10351680647092998,0.15038567225022526,,,
FIFO (direct),7500,4,0.14746110443739724,0.195184404444118,,,
ChronoSeq (single lane),7500,4,1.3692735843608022,1.5675649464735937,,,
DAG+BFT,7500,5,0.6319536940249817,0.8032149178974626,0.24510960807840032,0.0,0.08446579105365398
ChronoSeq,7500,5,1.332100519134534,1.5574149604082423,0.22217243078636195,0.0,0.08361438435943991
FIFO (relay tree),7500,5,0.10363170409591937,0.15037923914414364,,,
FIFO (direct),7500,5,0.14740907187085472,0.194693921741937,,,
ChronoSeq (single lane),7500,5,1.3695676696045487,1.5658955241978747,,,
DAG+BFT,7500,6,0.6304279453061152,0.8012574080300165,0.2470265237424556,0.0,0.08627013284547047
ChronoSeq,7500,6,1.335155702433954,1.5582187022174323,0.2270046215582644,0.0,0.08236210784984
FIFO (relay tree),7500,6,0.10316864752193933,0.1500881459926786,,,
FIFO (direct),7500,6,0.1466349563856455,0.19415283424515906,,,
ChronoSeq (single lane),7500,6,1.368462353328911,1.563809697618102,,,
DAG+BFT,7500,7,0.6304153641179804,0.8010605238416613,0.24348573820210317,0.0,0.08767008006329302
ChronoSeq,7500,7,1.333885006241216,1.5539724227384264,0.22425329647097225,0.0,0.0857560433851221
FIFO (relay tree),7500,7,0.10333125134583909,0.15018952059807678,,,
FIFO (direct),7500,7,0.14719582455488345,0.19478642014311198,,,
ChronoSeq (single lane),7500,7,1.368612977296098,1.5664356704576976,,,
DAG+BFT,7500,8,0.6319834193468843,0.8043929529682057,0.24294003953192828,0.0,0.08534500612637697
ChronoSeq,7500,8,1.3339113226011436,1.5567147162620705,0.2240532566956226,0.0,0.08299931209225964
FIFO (relay tree),7500,8,0.10324392684757644,0.15002998626482,,,
FIFO (direct),7500,8,0.14668638878380236,0.19388810969313486,,,
ChronoSeq (single lane),7500,8,1.3689411905332074,1.5598274720902925,,,
DAG+BFT,7500,9,0.6294014260085019,0.8030916171508449,0.23946198090303739,0.0,0.08515814942626765
ChronoSeq,7500,9,1.3342178572226375,1.5516986286074719,0.22639608414914925,0.0,0.08323783771761128
FIFO (relay tree),7500,9,0.10331118312197285,0.15029337570392798,,,
FIFO (direct),7500,9,0.14725355629588233,0.195237929309652,,,
ChronoSeq (single lane),7500,9,1.3697618222143797,1.567864188082508,,,
DAG+BFT,7500,10,0.6311336919006991,0.8009279112796888,0.23965357856002978,0.0,0.08716101796245823
ChronoSeq,7500,10,1.3353110312526018,1.5579769446334994,0.22731149318693866,0.0,0.08369455585731467
FIFO (relay tree),7500,10,0.10323448917700073,0.15008786206215063,,,
FIFO (direct),7500,10,0.1476507222308534,0.19547137248215973,,,
ChronoSeq (single lane),7500,10,1.3702234199568686,1.569721725427259,,,
DAG+BFT,10000,1,0.6312961947670752,0.8049179226537215,0.24206304419399682,0.0,0.08635596809935286
ChronoSeq,10000,1,1.3343405778799866,1.5556710286915187,0.22785336935280842,0.0,0.08338841440478406
FIFO (relay tree),10000,1,0.10486075054065935,0.1518135474974942,,,
FIFO (direct),10000,1,1.4256977444484287,2.1864057425776062,,,
ChronoSeq (single lane),10000,1,2.677106382397713,3.581140136266699,,,
DAG+BFT,10000,2,0.630086075727248,0.8024673622921794,0.2402098897532028,0.0,0.08603127154857138
ChronoSeq,10000,2,1.337057160035192,1.5609757358821468,0.22635105035453762,0.0,0.08532657609824801
FIFO (relay tree),10000,2,0.1050511646059471,0.15167313184172748,,,
FIFO (direct),10000,2,1.399808508994643,2.155366294049247,,,
ChronoSeq (single lane),10000,2,2.6608855382151644,3.551711704940044,,,
DAG+BFT,10000,3,0.6304874802470888,0.8002249165834794,0.23882797537104028,0.0,0.08747728085908513
ChronoSeq,10000,3,1.335130648566964,1.5519483583049833,0.22600097103671501,0.0,0.08492009572726023
FIFO (relay tree),10000,3,0.10502609792066231,0.15154763088823753,,,
FIFO (direct),10000,3,1.3896673593648972,2.132197847109814,,,
ChronoSeq (single lane),10000,3,2.6486646692466485,3.4766410451775673,,,
DAG+BFT,10000,4,0.630186682573961,0.8018271913466481,0.23835122980991308,0.0,0.08524247762781823
ChronoSeq,10000,4,1.3353551464227884,1.5611643272367872,0.23014611844959454,0.0,0.08253476010830418
FIFO (relay tree),10000,4,0.1050005393882385,0.151851688852366,,,
FIFO (direct),10000,4,1.4644619548846567,2.254495265407523,,,
ChronoSeq (single lane),10000,4,2.7246989209655608,3.621242842132496,,,
DAG+BFT,10000,5,0.6329234402156834,0.8025286490640902,0.24666209317097776,0.0,0.08718633033902279
ChronoSeq,10000,5,1.3347570921706726,1.5535923425607505,0.22373727209454408,0.0,0.0839494983735225
FIFO (relay tree),10000,5,0.10486411452187383,0.15157491264284584,,,
FIFO (direct),10000,5,1.4407387240731957,2.2091666449930765,,,
ChronoSeq (single lane),10000,5,2.7017112804248686,3.5963595919634654,,,
DAG+BFT,10000,6,0.6322123077542772,0.8032925166604947,0.24756382490473516,0.0,0.0861586219042989
ChronoSeq,10000,6,1.3323347869287128,1.5543191795605802,0.22864273023491588,0.0,0.08385364497716452
FIFO (relay tree),10000,6,0.1049587425384555,0.15173478101440052,,,
FIFO (direct),10000,6,1.4261567233547412,2.1979217664928283,,,
ChronoSeq (single lane),10000,6,2.6794274325647978,3.5822093915641107,,,
DAG+BFT,10000,7,0.6317316519977672,0.8030690717969362,0.2412690049300572,0.0,0.0858342164911825
ChronoSeq,10000,7,1.3347518229289772,1.5585154083700035,0.22741986151432791,0.0,0.08304780009678492
FIFO (relay tree),10000,7,0.1047167129417339,0.1518553479416913,,,
FIFO (direct),10000,7,1.4256302882646192,2.203988805305988,,,
ChronoSeq (single lane),10000,7,2.6819647769103563,3.5894909496721104,,,
DAG+BFT,10000,8,0.6310757272246246,0.8014436425829556,0.24240308556660073,0.0,0.08376233152467005
ChronoSeq,10000,8,1.3350345186897945,1.5554737155401939,0.22703616945148308,0.0,0.08340927320796077
FIFO (relay tree),10000,8,0.10480793068375238,0.1518601237224635,,,
FIFO (direct),10000,8,1.4122207501807207,2.177407061350787,,,
ChronoSeq (single lane),10000,8,2.666861807619208,3.57418886142609,,,
DAG+BFT,10000,9,0.6306590553239975,0.8018475358321568,0.2406305234496937,0.0,0.08601551697414633
ChronoSeq,10000,9,1.33463402566169,1.554482680297689,0.22697712082458615,0.0,0.08357992504458434
FIFO (relay tree),10000,9,0.1047500549689584,0.15192365598438773,,,
FIFO (direct),10000,9,1.4649553579532038,2.2356968963635993,,,
ChronoSeq (single lane),10000,9,2.721630211356513,3.6227850334381992,,,
DAG+BFT,10000,10,0.6296182186763968,0.8015002841898289,0.24106757285338887,0.0,0.08556814540459001
ChronoSeq,10000,10,1.3346744278812128,1.5548078124096953,0.22691723956722054,0.0,0.08421662601192992
FIFO (relay tree),10000,10,0.10509699406765094,0.15176643194566575,,,
FIFO (direct),10000,10,1.4993238181810433,2.2741863267724174,,,
ChronoSeq (single lane),10000,10,2.7518901328610355,3.6509262879120135,,,
DAG+BFT,25000,1,0.6349195476514717,0.8061193642658075,0.23996364541619464,0.0,0.08412985294514641
ChronoSeq,25000,1,1.3394119371218114,1.558860774284537,0.2244073767799888,0.0,0.08293550889240109
FIFO (relay tree),25000,1,0.11421344622557505,0.16092452267945756,,,
FIFO (direct),25000,1,10.47715628871843,16.39912073303236,,,
ChronoSeq (single lane),25000,1,11.700018566205037,17.69936138728729,,,
DAG+BFT,25000,2,0.6371077924999069,0.8058279034250866,0.2433845981720113,0.0,0.0833252957017353
ChronoSeq,25000,2,1.3395810679258018,1.5615783906940903,0.2345689849321193,0.0,0.08385906716451164
FIFO (relay tree),25000,2,0.11402307561326674,0.16096025776129963,,,
FIFO (direct),25000,2,10.449576161347238,16.3376410982197,,,
ChronoSeq (single lane),25000,2,11.672032289265399,17.670693337480568,,,
DAG+BFT,25000,3,0.6365774942706892,0.8054598977531837,0.24320534769799912,0.0,0.08485544982116222
ChronoSeq,25000,3,1.3387479747059094,1.5610616289276207,0.22451228346248076,0.0,0.08544574054884091
FIFO (relay tree),25000,3,0.11436517635955834,0.16087843129028645,,,
FIFO (direct),25000,3,10.411629664418584,16.303282788119674,,,
ChronoSeq (single lane),25000,3,11.646707121607921,17.632280907299908,,,
DAG+BFT,25000,4,0.6349961937749029,0.8047046404907272,0.24552801692966597,0.0,0.08618020141523441
ChronoSeq,25000,4,1.3400735294191488,1.5601385817563367,0.233360155586952,0.0,0.08418951472239922
FIFO (relay tree),25000,4,0.1141754129019672,0.16101311922253903,,,
FIFO (direct),25000,4,10.554236443498377,16.51310290640719,,,
ChronoSeq (single lane),25000,4,11.749949060729946,17.79594911597583,,,
DAG+BFT,25000,5,0.6363435655486693,0.8059685730833666,0.24467062347786905,0.0,0.08549451783019002
ChronoSeq,25000,5,1.3396184732180116,1.5625987038922116,0.22550312369024006,0.0,0.08328058007766437
FIFO (relay tree),25000,5,0.11418229130445834,0.16102620053824168,,,
FIFO (direct),25000,5,10.504533943328326,16.42816356681427,,,
ChronoSeq (single lane),25000,5,11.724627027120565,17.729457208339152,,,
DAG+BFT,25000,6,0.6340267752786231,0.8030249654286887,0.2410581613834637,0.0,0.08415933044389856
ChronoSeq,25000,6,1.340093355440315,1.5612256165965985,0.23163130411490052,0.0,0.08285359417100402
FIFO (relay tree),25000,6,0.11393811976068058,0.16087239617164872,,,
FIFO (direct),25000,6,10.465465665767248,16.367581888322153,,,
ChronoSeq (single lane),25000,6,11.678738905013763,17.676510718429526,,,
DAG+BFT,25000,7,0.6354995174928595,0.8059169159329338,0.24143168255039438,0.0,0.08621022385741828
ChronoSeq,25000,7,1.3405913614843632,1.5637650144527493,0.23044696300185707,0.0,0.08459462957084707
FIFO (relay tree),25000,7,0.11415248692325708,0.1609698560573154,,,
FIFO (direct),25000,7,10.497171119320914,16.43524068458581,,,
ChronoSeq (single lane),25000,7,11.69410720534926,17.850939425690374,,,
DAG+BFT,25000,8,0.635608221701081,0.8060441108208147,0.23959737004864134,0.0,0.08524705407568955
ChronoSeq,25000,8,1.339033681205481,1.5588633333889188,0.22965871641599467,0.0,0.08299626774683944
FIFO (relay tree),25000,8,0.11394112244039878,0.1609914741628793,,,
FIFO (direct),25000,8,10.42481316561949,16.3569943814037,,,
ChronoSeq (single lane),25000,8,11.66986596894311,17.66841516423251,,,
DAG+BFT,25000,9,0.6365844160565164,0.8071829127283632,0.24232675909680435,0.0,0.08664683968406095
ChronoSeq,25000,9,1.339055100740854,1.559875402961878,0.2242398566502768,0.0,0.08438045181833598
FIFO (relay tree),25000,9,0.11414389638519484,0.16119083551810842,,,
FIFO (direct),25000,9,10.539634151968066,16.458127623834308,,,
ChronoSeq (single lane),25000,9,11.76570697177671,17.87646285895316,,,
DAG+BFT,25000,10,0.636132886537554,0.8072399198200855,0.24270039496200901,0.0,0.08452160351012594
ChronoSeq,25000,10,1.3400309934289432,1.5620920195108638,0.23077011181336182,0.0,0.08647977407963037
FIFO (relay tree),25000,10,0.11415345658776843,0.16107826390502833,,,
FIFO (direct),25000,10,10.578835032240129,16.533985263273507,,,
ChronoSeq (single lane),25000,10,11.774934340696717,17.91655738244309,,,
DAG+BFT,50000,1,0.642396862680668,0.8138353393767472,0.24071153004192647,0.0,0.08705840475388094
ChronoSeq,50000,1,1.3512575920722671,1.5717797010835,0.22110600153337057,0.0,0.08056301435724134
FIFO (relay tree),50000,1,0.129512098405955,0.1763399011105209,,,
FIFO (direct),50000,1,25.679274164640947,40.16838979230793,,,
DAG+BFT,50000,2,0.6438636325923133,0.8167922489174178,0.24030242791846024,0.0,0.08548824848791056
ChronoSeq,50000,2,1.349689897188897,1.5745261603699978,0.22570884449141193,0.0,0.08391677891462734
FIFO (relay tree),50000,2,0.12937375737988166,0.17616066114484763,,,
FIFO (direct),50000,2,25.6142531107845,40.08636953966002,,,
DAG+BFT,50000,3,0.6417071238198284,0.8105952152840428,0.24218032083207497,0.0,0.08620388866443651
ChronoSeq,50000,3,1.3481665647478236,1.5683503394658134,0.22407420505953457,0.0,0.08592378828628444
FIFO (relay tree),50000,3,0.12947702707752473,0.1762597252267355,,,
FIFO (direct),50000,3,25.56747920161195,40.02917111439065,,,
DAG+BFT,50000,4,0.6465669764744408,0.8207895936096499,0.24446910305414882,0.0,0.0854775684564113
ChronoSeq,50000,4,1.3498153631716923,1.572165126944908,0.22353625511399589,0.0,0.08391945924299282
FIFO (relay tree),50000,4,0.1295459072647338,0.1765328629845051,,,
FIFO (direct),50000,4,25.75838376664601,40.33301646581947,,,
DAG+BFT,50000,6,0.6414523604615416,0.809842200640368,0.24448303950678252,0.0,0.08536384803123842
ChronoSeq,50000,6,1.3495120724349188,1.5694639663825205,0.22886918734987916,0.0,0.08383983591855548
FIFO (relay tree),50000,6,0.12941428263892973,0.1763755421976363,,,
FIFO (direct),50000,6,25.67506833813701,40.147286699986104,,,
DAG+BFT,50000,5,0.6436438762523946,0.8136542936254925,0.24242949715439333,0.0,0.08513257439274469
ChronoSeq,50000,5,1.3486745603201769,1.578907405116233,0.22598521441547614,0.0,0.08284008899540662
FIFO (relay tree),50000,5,0.1295630120824791,0.17649098251195117,,,
FIFO (direct),50000,5,25.70459906499605,40.205822261107485,,,
DAG+BFT,50000,7,0.6429730582296207,0.8081667536866366,0.2432750034922977,0.0,0.08403838229017158
ChronoSeq,50000,7,1.3508643452423579,1.5740224815209496,0.22306856329302427,0.0,0.08302186535782674
FIFO (relay tree),50000,7,0.12951088383003828,0.17640314743274832,,,
FIFO (direct),50000,7,25.69014228299953,40.21971460098946,,,
DAG+BFT,50000,8,0.6428811036911775,0.8148081379446239,0.24184810660967715,0.0,0.08682105911982774
ChronoSeq,50000,8,1.3491753729015574,1.5715911415078505,0.22865810185238722,0.0,0.0839246444349695
FIFO (relay tree),50000,8,0.12949582900143586,0.1763314089126351,,,
FIFO (direct),50000,8,25.61817030931558,40.11402943622384,,,
DAG+BFT,50000,9,0.6424319548678756,0.8141199231312148,0.2406023410872713,0.0,0.0859255747925225
ChronoSeq,50000,9,1.3493610113456649,1.5718918587128572,0.2291640064086975,0.0,0.08218315604993315
FIFO (relay tree),50000,9,0.1295285678653748,0.17642565476659922,,,
FIFO (direct),50000,9,25.74746983133489,40.229470309465405,,,
DAG+BFT,50000,10,0.6441434859076924,0.8173605314644705,0.24039223755953332,0.0,0.0861002279796983
ChronoSeq,50000,10,1.3492299686450009,1.5709437787186609,0.23026419472663218,0.0,0.08453464408593181
FIFO (relay tree),50000,10,0.12963306936479935,0.17660247399722717,,,
FIFO (direct),50000,10,25.759981192470896,40.3268233170062,,,
DAG+BFT,100000,2,0.6532243908788473,0.8217007577155409,0.2398106829435358,0.0,0.08459452796145861
ChronoSeq,100000,2,1.362943621894936,1.5879504726139428,0.22480376340693464,0.0,0.08388301636428697
FIFO (relay tree),100000,2,1.2148402886909704,1.8587879709730206,,,
FIFO (direct),100000,2,55.98938441258673,87.60545623669307,,,
DAG+BFT,100000,1,0.6536216195061484,0.8217615252552681,0.2397857870784268,0.0,0.08526368624351566
ChronoSeq,100000,1,1.3630297446707393,1.589284526776332,0.22755688299496502,0.0,0.08437549478402939
FIFO (relay tree),100000,1,1.2217162715349303,1.8655996125001515,,,
FIFO (direct),100000,1,56.07552201947876,87.69954053696188,,,
DAG+BFT,100000,4,0.6538264803315386,0.8211707658237692,0.23810541901670507,0.0,0.0849208370736453
ChronoSeq,100000,4,1.3633290408907754,1.5899911486841338,0.22964967480535314,0.0,0.08483573020517143
FIFO (relay tree),100000,4,1.2265559983431604,1.8901738683048217,,,
FIFO (direct),100000,4,56.13896398289444,87.93263077114796,,,
DAG+BFT,100000,3,0.6525973922173671,0.8204858642416717,0.23578584551749948,0.0,0.08656670350106888
ChronoSeq,100000,3,1.3629208672438367,1.5878575742284555,0.22657608673857865,0.0,0.08178359800520729
FIFO (relay tree),100000,3,1.206073706718441,1.851018395858702,,,
FIFO (direct),100000,3,55.907830456811894,87.54204826080135,,,
DAG+BFT,100000,5,0.6520534392900985,0.8199204593880229,0.24093727838357382,0.0,0.08548446808139332
ChronoSeq,100000,5,1.3630840405714038,1.587257356657556,0.22380646471663262,0.0,0.0830079140494826
FIFO (relay tree),100000,5,1.2240122555827098,1.8739916210870167,,,
FIFO (direct),100000,5,56.105365668275944,87.77104007354603,,,
DAG+BFT,100000,6,0.654484073827934,0.8225908883439645,0.2416832518492038,0.0,0.08596736526151538
ChronoSeq,100000,6,1.3622335513656694,1.5866216615156272,0.23273360408531385,0.0,0.08447727508227221
FIFO (relay tree),100000,6,1.2215522488264616,1.86454871166615,,,
FIFO (direct),100000,6,56.073752432216516,87.663389485506,,,
DAG+BFT,100000,7,0.6542019385867972,0.8230171899437564,0.2390160305995792,0.0,0.08654328258909239
ChronoSeq,100000,7,1.3645589409624055,1.5920144307643618,0.23975880098636004,0.0,0.08387588988836647
FIFO (relay tree),100000,7,1.2247677109199353,1.8792516920719953,,,
FIFO (direct),100000,7,56.09698000756146,87.80375190015667,,,
DAG+BFT,100000,8,0.6536639819561882,0.8208410353391518,0.23941347693026316,0.0,0.08524362425485599
ChronoSeq,100000,8,1.3632821899260303,1.586049384429416,0.2264814403757942,0.0,0.08435241086909961
FIFO (relay tree),100000,8,1.2154705932109344,1.8597985547333797,,,
FIFO (direct),100000,8,56.011564998063506,87.61031426307261,,,
DAG+BFT,100000,9,0.6532014428540638,0.8212451303375019,0.24193978129553007,0.0,0.08477382075974216
ChronoSeq,100000,9,1.3641575440928806,1.5858847168331511,0.2254461541877486,0.0,0.08464560561362777
FIFO (relay tree),100000,9,1.2335102298693439,1.8776252932341446,,,
FIFO (direct),100000,9,56.214899465746,87.81444263901058,,,
DAG+BFT,100000,10,0.6531008033088139,0.8207404434032077,0.24296057719458464,0.0,0.08374315335626559
ChronoSeq,100000,10,1.3626270425607059,1.5907406106131434,0.2269523323108915,0.0,0.08228919587127326
FIFO (relay tree),100000,10,1.2370664335852037,1.8929998459424038,,,
FIFO (direct),100000,10,56.22484161892167,87.94382855449778,,,
DAG+BFT,150000,1,0.6609836074173598,0.8258288471303272,0.24332824762317884,0.0,0.08508454031940182
ChronoSeq,150000,1,1.373182530334323,1.597828754097435,0.22616245840779103,0.0,0.08277130569412172
FIFO (relay tree),150000,1,4.129423544721479,6.4306845252033416,,,
FIFO (direct),150000,1,86.43153357710418,135.27502568955583,,,
DAG+BFT,150000,2,0.6610718178862496,0.8261618942355895,0.24198447137547308,0.0,0.08731840042705774
ChronoSeq,150000,2,1.3731180297286438,1.5975024840559189,0.22918479175012552,0.0,0.08193808317175844
FIFO (relay tree),150000,2,4.126370403918231,6.419118833028918,,,
FIFO (direct),150000,2,86.40527024640099,135.1375058360008,,,
DAG+BFT,150000,3,0.6610865541779107,0.8260244691535892,0.24114705493418548,0.0,0.08431697319158182
ChronoSeq,150000,3,1.3724681178294968,1.5960464271377681,0.2259203207169751,0.0,0.0879605843753124
FIFO (relay tree),150000,3,4.118153074589024,6.40735875442589,,,
FIFO (direct),150000,3,86.31988259721564,135.01809652062653,,,
DAG+BFT,150000,4,0.6603234037340915,0.8246069372589,0.23975547089381477,0.0,0.08549871349389004
ChronoSeq,150000,4,1.3733714041022198,1.5964583811584108,0.2237012302225354,0.0,0.08409918096671243
FIFO (relay tree),150000,4,4.139936985891634,6.455528512701053,,,
FIFO (direct),150000,4,86.52829244328534,135.52445456720207,,,
DAG+BFT,150000,5,0.659564056086337,0.8248101167719124,0.23966130474946423,0.0,0.08462520390807082
ChronoSeq,150000,5,1.3731729775779744,1.5978776048342302,0.22562039957742863,0.0,0.08511262373207984
FIFO (relay tree),150000,5,4.133464498768437,6.433368596759708,,,
FIFO (direct),150000,5,86.47135171042349,135.29046039671726,,,
DAG+BFT,150000,6,0.6607904898976029,0.8268341320856161,0.24090723812422432,0.0,0.08468663190746284
ChronoSeq,150000,6,1.371475053012957,1.596751423048251,0.2249634047626099,0.0,0.08300292940176845
FIFO (relay tree),150000,6,4.132132362335257,6.424269473867225,,,
FIFO (direct),150000,6,86.50067565507996,135.20081311627365,,,
DAG+BFT,150000,7,0.6614774732762143,0.826394721164017,0.24011234738330345,0.0,0.08645235099195725
ChronoSeq,150000,7,1.373328541781194,1.5988095007265946,0.2250779323745089,0.0,0.0830452035517979
FIFO (relay tree),150000,7,4.136899545118355,6.4397395048758925,,,
FIFO (direct),150000,7,86.51104620955822,135.38333842148938,,,
DAG+BFT,150000,8,0.6594994265987024,0.8240272203657462,0.24291264067670681,0.0,0.08629527942918536
ChronoSeq,150000,8,1.373616861747589,1.5997052208454958,0.22813475946888273,0.0,0.08466776163434808
FIFO (relay tree),150000,8,4.125254598198908,6.419347747633168,,,
FIFO (direct),150000,8,86.4062558715717,135.14568441892138,,,
DAG+BFT,150000,9,0.6614061258760824,0.8269633796664921,0.24642743950421409,0.0,0.08523455273604164
ChronoSeq,150000,9,1.372348532824029,1.5987561625936983,0.23186084425899356,0.0,0.08343462023769765
FIFO (relay tree),150000,9,4.145069086538789,6.4415290768963525,,,
FIFO (direct),150000,9,86.64201082400879,135.39266159103528,,,
DAG+BFT,150000,10,0.6613246502249535,0.8268721074742418,0.24674461196030184,0.0,0.08495455041866506
ChronoSeq,150000,10,1.3725845295477956,1.5972839874795497,0.22554026078439549,0.0,0.08478394292927982
FIFO (relay tree),150000,10,4.1518857957666775,6.455973243279147,,,
FIFO (direct),150000,10,86.6866294059849,135.53115867930433,,,
DAG+BFT,200000,1,0.6817470568822994,1.4825998125747493,0.24274080065039882,0.0,0.0847022507960504
ChronoSeq,200000,1,1.4007788433995083,2.173633286362038,0.22186139047295672,0.0,0.08265995835493811
FIFO (relay tree),200000,1,7.046269856128548,11.015963795104653,,,
FIFO (direct),200000,1,116.86243960480974,182.83355344732615,,,
DAG+BFT,200000,2,0.6814493193065001,1.4679043799624258,0.24685025159012852,0.0,0.08429813064575153
ChronoSeq,200000,2,1.4006034614154004,2.16296791706411,0.22470149208987578,0.0,0.0831466519251256
FIFO (relay tree),200000,2,7.039035414010251,10.999196587685109,,,
FIFO (direct),200000,2,116.80851347882059,182.66155703568518,,,
DAG+BFT,200000,3,0.6810270482448901,1.476437683064871,0.2405195812799512,0.0,0.08512465895594445
ChronoSeq,200000,3,1.3992621641938454,2.167927763925401,0.22664222515749366,0.0,0.0849879464986234
FIFO (relay tree),200000,3,7.029099669491308,10.98871570873579,,,
FIFO (direct),200000,3,116.69251211384805,182.53302534073578,,,
DAG+BFT,200000,4,0.6811366941436701,1.5015037933872541,0.24070161554775282,0.0,0.084036434630826
ChronoSeq,200000,4,1.4007498760568593,2.196874405512604,0.2265682373275677,0.0,0.08136196677127705
FIFO (relay tree),200000,4,7.059908004664622,11.040883770526369,,,
FIFO (direct),200000,4,116.95410261387659,183.1020963145264,,,
DAG+BFT,200000,5,0.6815026694635127,1.431458193310533,0.2408290822331347,0.0,0.0838033554347195
ChronoSeq,200000,5,1.399502707283021,2.1257960895020123,0.22533293602593307,0.0,0.08571738087377456
FIFO (relay tree),200000,5,7.0536335876190215,11.02197071879404,,,
FIFO (direct),200000,5,116.96431967914329,182.911294622794,,,
DAG+BFT,200000,6,0.6795219833534478,1.4936994646494055,0.2398139471848264,0.0,0.08598635177281899
ChronoSeq,200000,6,1.4001620884502848,2.1910644912561805,0.230519141286035,0.0,0.08348599938533763
FIFO (relay tree),200000,6,7.045943328266954,11.006932833159468,,,
FIFO (direct),200000,6,116.90337584667716,182.79148959144092,,,
DAG+BFT,200000,7,0.682426946140283,1.4679107215187726,0.23997362747139128,0.0,0.08399670903748202
ChronoSeq,200000,7,1.4006262557202742,2.161840571422611,0.225129622598347,0.0,0.0828625102925265
FIFO (relay tree),200000,7,7.054190527296409,11.021704315540351,,,
FIFO (direct),200000,7,116.90824365474172,182.95499247862935,,,
DAG+BFT,200000,8,0.6800537726209495,1.4947189448736768,0.23785095254520883,0.0,0.08489086203864638
ChronoSeq,200000,8,1.4010432908839627,2.185824158903574,0.22477607356925944,0.0,0.08184136287359933
FIFO (relay tree),200000,8,7.038035731909749,11.002024456028444,,,
FIFO (direct),200000,8,116.80164153394696,182.6852171600286,,,
DAG+BFT,200000,9,0.6827862115129975,1.505785994673503,0.24270543386100307,0.0,0.08512809056220583
ChronoSeq,200000,9,1.4002274141266398,2.2007287919890954,0.23093407783056996,0.0,0.08382484211034136
FIFO (relay tree),200000,9,7.0598837991251635,11.025287890559571,,,
FIFO (direct),200000,9,117.01214508826999,182.95828334655963,,,
DAG+BFT,200000,10,0.6808653490457397,1.4607380860716228,0.24040956032384542,0.0,0.08596082768712332
ChronoSeq,200000,10,1.4004517570390984,2.161009369199136,0.2267251586220862,0.0,0.08359119831627043
FIFO (relay tree),200000,10,7.0742122508178,11.04492255018496,,,
FIFO (direct),200000,10,117.19674073065873,183.1382927901851,,,
DAG+BFT,225000,1,0.7048485793726069,2.326557575353956,0.23998012288894288,0.0,0.08503409678283802
ChronoSeq,225000,1,1.4288813234500761,3.0173384800066714,0.22382162561372798,0.0,0.0827404272707083
FIFO (relay tree),225000,1,8.505932993145898,13.316203330492154,,,
FIFO (direct),225000,1,132.0727701760335,206.65611949049213,,,
DAG+BFT,225000,2,0.70365166729722,2.35670602807937,0.2450252920766891,0.0,0.08860526107010422
ChronoSeq,225000,2,1.4270986417225662,3.044461745828098,0.2332252522065854,0.0,0.08388044597208555
FIFO (relay tree),225000,2,8.495921406208454,13.292445977666258,,,
FIFO (direct),225000,2,132.01182703914242,206.42718530566626,,,
DAG+BFT,225000,3,0.7060139230798788,2.3277204754648553,0.2403294321682612,0.0,0.08574828441472704
ChronoSeq,225000,3,1.4312447775524966,3.0031990404055566,0.22425454467227546,0.0,0.08480752222956589
FIFO (relay tree),225000,3,8.48909365384698,13.286288190577622,,,
FIFO (direct),225000,3,131.9077657530923,206.3304117105777,,,
DAG+BFT,225000,4,0.7033520719567115,2.3403259226587965,0.23972444622627265,0.0,0.08654822290170694
ChronoSeq,225000,4,1.4294340522530886,3.025804094015122,0.2264229895082499,0.0,0.08400383231274766
FIFO (relay tree),225000,4,8.519443760270113,13.33906812358008,,,
FIFO (direct),225000,4,132.18316531005956,206.9014093715801,,,
DAG+BFT,225000,5,0.7042455116103028,2.3177380747438896,0.24240454387358312,0.0,0.08637233767063712
ChronoSeq,225000,5,1.4294768739084507,3.006019253781991,0.22549623339713243,0.0,0.08133844008761093
FIFO (relay tree),225000,5,8.51631966785991,13.320618084611283,,,
FIFO (direct),225000,5,132.20112559597078,206.69928240461135,,,
DAG+BFT,225000,6,0.7032027663056564,2.382732150519729,0.23898218526678194,0.0,0.08598303187864431
ChronoSeq,225000,6,1.4291347242656256,3.066482059578462,0.22891861265043278,0.0,0.0821437490093011
FIFO (relay tree),225000,6,8.5032488848078,13.305822175059856,,,
FIFO (direct),225000,6,132.06216714521824,206.5597223350599,,,
DAG+BFT,225000,7,0.7051030565059131,2.326298091602254,0.2442692621105067,0.0,0.08433889494441438
ChronoSeq,225000,7,1.4293616515795002,3.0091215278913657,0.23175738204446805,0.0,0.083412926828899
FIFO (relay tree),225000,7,8.515319480366053,13.32503530232276,,,
FIFO (direct),225000,7,132.14271022027796,206.77098461432283,,,
DAG+BFT,225000,8,0.7067215476583382,2.329477079836497,0.2419124650891975,0.0,0.08642493362781023
ChronoSeq,225000,8,1.4315508929297254,3.0101887154462244,0.22419803731311205,0.0,0.08293296701724451
FIFO (relay tree),225000,8,8.498539250594071,13.2985533640243,,,
FIFO (direct),225000,8,132.03374331835937,206.47153294802436,,,
DAG+BFT,225000,9,0.7052817818523938,2.3770447521329947,0.24351926666662482,0.0,0.08557190052698971
ChronoSeq,225000,9,1.4284686438403122,3.0529491172218126,0.22448763723571385,0.0,0.08320652191931455
FIFO (relay tree),225000,9,8.520840777649049,13.325358454737838,,,
FIFO (direct),225000,9,132.23031719246765,206.75059019873783,,,
DAG+BFT,225000,10,0.7054169009039688,2.350620454723134,0.24112473830830705,0.0,0.08687965070627612
ChronoSeq,225000,10,1.4312951243428929,3.0478268916518525,0.22585142509792178,0.0,0.08253134951075491
FIFO (relay tree),225000,10,8.53538069529625,13.34323553821487,,,
FIFO (direct),225000,10,132.42708829378586,206.9186020662149,,,
