mb_kib,load,seed,p50,p99,lagmax,vc,spread,mean_fill_txs,certify_ms
16,50000,2,1.3316972259917952,1.5541533569582713,0.2278210304534447,0,0.08378097488466363,31.96623729898392,172.87933278503687
16,50000,1,1.3329056765917588,1.55524188840167,0.22212415725136525,0,0.08438866745913653,31.95821682511784,172.89633880197664
16,50000,3,1.3323535909563766,1.5542266021649613,0.22769378236880566,0,0.082407499816747,31.957065043255366,172.83036869655422
16,50000,4,1.332052144453919,1.5559438041169562,0.2281276859003416,0,0.08339172693998442,31.960420482599346,172.81469418430717
16,50000,5,1.3315055098287054,1.5538749581387945,0.22298345712569478,0,0.08436739328410603,31.96712416214491,172.76627172606317
16,50000,6,1.331562149655511,1.5521581845119048,0.22289865803449516,0,0.08095891847134301,31.959418437450072,172.80067678149757
16,50000,7,1.3304878848888535,1.5519609883420733,0.23032030997480035,0,0.0828740641000314,31.954251497005988,172.83968849653996
16,50000,8,1.3301963264143861,1.5524763116752096,0.22251442025765567,0,0.08066762259660898,31.960415833666534,172.7749070100435
16,50000,9,1.331014298836851,1.5519835821517738,0.22367621764160361,0,0.08233738026744364,31.965786745354492,172.8855519165009
16,50000,10,1.3325602195128328,1.5542419315660245,0.2295941597548179,0,0.08591915106925763,31.960601719197708,172.85564582813407
32,50000,1,1.3433349786727047,1.5659627756065975,0.22757830797238832,0,0.08121030087228176,62.94586939417781,174.6488522572687
32,50000,2,1.344292062627467,1.5678538453082798,0.22802769084591556,0,0.08473509089000153,62.97021276595745,174.5628778969852
32,50000,3,1.343045969761075,1.5650233967767528,0.22885768882072588,0,0.0852455937924741,62.89642125177361,174.53029795269703
32,50000,4,1.3428595066828661,1.5649709197987818,0.22551795776439598,0,0.08165687772415775,62.982893910860014,174.66765652285278
32,50000,5,1.3428201635966488,1.5669561838773527,0.22540128917977853,0,0.08371866208467615,62.99921371284793,174.42134581388436
32,50000,6,1.343875725655728,1.5667312899774677,0.22544714758226858,0,0.08424348154097139,62.99291450165328,174.5300695459484
32,50000,7,1.342753763630844,1.567329306349893,0.2262031767370707,0,0.08417012060212414,62.96837633731907,174.5277793463782
32,50000,8,1.3432116444294273,1.5660053484839889,0.22434839055710354,0,0.08351677539876423,62.99889659520807,174.40452590518296
32,50000,9,1.3426576018249925,1.5679511863336977,0.22616290463929722,0,0.08567954257449628,62.992142071349996,174.6095683640414
32,50000,10,1.342197685641647,1.5633679553145896,0.2256571283397104,0,0.08422232149221898,63.0579459798995,174.6768174987483
64,50000,1,1.3512575920722671,1.5717797010835,0.22110600153337057,0,0.08056301435724134,78.85294697417702,175.49462538798966
64,50000,2,1.349689897188897,1.5745261603699978,0.22570884449141193,0,0.08391677891462734,78.82146379956599,175.4263738246573
64,50000,3,1.3481665647478236,1.5683503394658134,0.22407420505953457,0,0.08592378828628444,78.65772870662461,175.50657503508037
64,50000,4,1.3498153631716923,1.572165126944908,0.22353625511399589,0,0.08391945924299282,79.1259858044164,175.53410941785864
64,50000,5,1.3486745603201769,1.578907405116233,0.22598521441547614,0,0.08284008899540662,79.04735595895816,175.4772886447089
64,50000,6,1.3495120724349188,1.5694639663825205,0.22886918734987916,0,0.08383983591855548,78.8933149280221,175.53049736722227
64,50000,7,1.3508643452423579,1.5740224815209496,0.22306856329302427,0,0.08302186535782674,78.95580982442296,175.4714409005844
64,50000,8,1.3491753729015574,1.5715911415078505,0.22865810185238722,0,0.0839246444349695,78.78277153558052,175.4148135387047
64,50000,9,1.3493610113456649,1.5718918587128572,0.2291640064086975,0,0.08218315604993315,79.05700197238659,175.35699043902042
64,50000,10,1.3492299686450009,1.5709437787186609,0.23026419472663218,0,0.08453464408593181,79.15493790656416,175.3734537395273
128,50000,1,1.3509591408859132,1.5706712694865126,0.2260882969392668,0,0.08236574467386015,78.86849369085174,175.52809542806048
128,50000,2,1.3497497398733609,1.5744834988671066,0.22570884449141193,0,0.08391677891462734,78.82146379956599,175.428778734533
128,50000,3,1.3482279942735982,1.5683640033347368,0.22407420505953457,0,0.08592378828628444,78.65772870662461,175.50297105786507
128,50000,4,1.3501275332461793,1.5712618433640722,0.23150990037407215,0,0.08399594365696572,79.14158943009268,175.57230728134155
128,50000,5,1.349299363946674,1.57473173752145,0.22494837644758636,0,0.08443090924392094,79.0629563844484,175.48240389307156
128,50000,6,1.3493822075345347,1.5693666642731419,0.22886918734987916,0,0.08383983591855548,78.8933149280221,175.5145980195585
128,50000,7,1.3489118142306173,1.5665040146799942,0.22461129017672654,0,0.08180185109287086,78.97138910812944,175.6051065109917
128,50000,8,1.35023726739737,1.575209284483793,0.22861168190877995,0,0.08509851796742751,78.79830441640378,175.73791881763213
128,50000,9,1.349126229350703,1.5718828587128586,0.2291640064086975,0,0.08218315604993315,79.05700197238659,175.36715907707912
256,50000,1,1.3509591408859132,1.5706712694865126,0.2260882969392668,0,0.08236574467386015,78.86849369085174,175.52809542806048
128,50000,10,1.3492762782994978,1.5709014155200158,0.23026419472663218,0,0.08453464408593181,79.15493790656416,175.37339195935297
256,50000,2,1.3497497398733609,1.5744834988671066,0.22570884449141193,0,0.08391677891462734,78.82146379956599,175.428778734533
256,50000,3,1.3482279942735982,1.5683640033347368,0.22407420505953457,0,0.08592378828628444,78.65772870662461,175.50297105786507
256,50000,4,1.3501275332461793,1.5712618433640722,0.23150990037407215,0,0.08399594365696572,79.14158943009268,175.57230728134155
256,50000,5,1.349299363946674,1.57473173752145,0.22494837644758636,0,0.08443090924392094,79.0629563844484,175.48240389307156
256,50000,6,1.3493822075345347,1.5693666642731419,0.22886918734987916,0,0.08383983591855548,78.8933149280221,175.5145980195585
256,50000,7,1.3489118142306173,1.5665040146799942,0.22461129017672654,0,0.08180185109287086,78.97138910812944,175.6051065109917
256,50000,8,1.35023726739737,1.575209284483793,0.22861168190877995,0,0.08509851796742751,78.79830441640378,175.73791881763213
256,50000,9,1.349126229350703,1.5718828587128586,0.2291640064086975,0,0.08218315604993315,79.05700197238659,175.36715907707912
256,50000,10,1.3492762782994978,1.5709014155200158,0.23026419472663218,0,0.08453464408593181,79.15493790656416,175.37339195935297
512,50000,1,1.3509591408859132,1.5706712694865126,0.2260882969392668,0,0.08236574467386015,78.86849369085174,175.52809542806048
512,50000,2,1.3497497398733609,1.5744834988671066,0.22570884449141193,0,0.08391677891462734,78.82146379956599,175.428778734533
512,50000,3,1.3482279942735982,1.5683640033347368,0.22407420505953457,0,0.08592378828628444,78.65772870662461,175.50297105786507
512,50000,4,1.3501275332461793,1.5712618433640722,0.23150990037407215,0,0.08399594365696572,79.14158943009268,175.57230728134155
512,50000,5,1.349299363946674,1.57473173752145,0.22494837644758636,0,0.08443090924392094,79.0629563844484,175.48240389307156
512,50000,6,1.3493822075345347,1.5693666642731419,0.22886918734987916,0,0.08383983591855548,78.8933149280221,175.5145980195585
512,50000,7,1.3489118142306173,1.5665040146799942,0.22461129017672654,0,0.08180185109287086,78.97138910812944,175.6051065109917
512,50000,8,1.35023726739737,1.575209284483793,0.22861168190877995,0,0.08509851796742751,78.79830441640378,175.73791881763213
512,50000,9,1.349126229350703,1.5718828587128586,0.2291640064086975,0,0.08218315604993315,79.05700197238659,175.36715907707912
512,50000,10,1.3492762782994978,1.5709014155200158,0.23026419472663218,0,0.08453464408593181,79.15493790656416,175.37339195935297
16,150000,2,1.3580516346945934,1.581926919651523,0.23007777845544375,0,0.08386425896156435,31.98671681203489,173.94012960614003
16,150000,1,1.3578764083999113,1.5796831937375266,0.2320736245198134,0,0.08513689313574169,31.98816473410636,173.94594871376867
16,150000,3,1.3580476780000597,1.5845437279444772,0.22521984102927983,0,0.08256486941921892,31.986598681224805,173.98975277131524
16,150000,4,1.3574310319760166,1.5780327543343917,0.22771160811091562,0,0.08291910860411056,31.98794764007875,173.9810169451741
16,150000,5,1.357926481747664,1.5826418666174327,0.23333532125603185,0,0.0831017963252405,31.98649764307971,173.95756756099257
16,150000,6,1.3572564672851897,1.5794959131230453,0.23151278235180062,0,0.0823877841412557,31.987765872381257,173.98858230102167
16,150000,7,1.3574112190507863,1.5808843247314028,0.22231716499927434,0,0.08339914837558426,31.98830144433193,173.96863022919305
16,150000,8,1.358070116409027,1.5836330048876643,0.23092372623349355,0,0.08330736479294032,31.98706563191722,173.9740776791425
16,150000,9,1.35800436684428,1.582266733575267,0.2279173262532614,0,0.08454570721896304,31.987512979578796,174.01463884537029
16,150000,10,1.356978823419352,1.5794014589008913,0.23382101920422899,0,0.08265077131539211,31.988137666897174,174.0209179304849
32,150000,1,1.3625880594141835,1.5835147395605746,0.2262370439918051,0,0.08376003040650148,63.95075939248601,175.0879032391852
32,150000,2,1.3622201222086918,1.5839183431432167,0.2221629448239204,0,0.08032219553283237,63.94784834426492,175.02938775658893
32,150000,3,1.362751648027702,1.5858758955414576,0.22271956777532997,0,0.08333296571844429,63.947590329294975,175.09130923537964
32,150000,4,1.3628651415352895,1.5855483328057485,0.23455281782313442,0,0.0835553564769489,63.94867294292857,175.06925485539782
32,150000,5,1.36315556383861,1.5844000108387153,0.2284953606128579,0,0.08120736523436456,63.94744968586945,175.02214559880014
32,150000,6,1.3622026532766105,1.5880938653448728,0.23059090747146105,0,0.08341399714742792,63.9482602440454,175.0211191225235
32,150000,7,1.3629182085341238,1.5854578034766638,0.22837078236032915,0,0.08134667126396611,63.94252383742609,175.0548787299413
32,150000,8,1.3628119588820136,1.58796707431131,0.23040437537667646,0,0.08474239745159018,63.94514048088713,174.9615779762661
32,150000,9,1.3628650020923585,1.588185858200009,0.22556351284751086,0,0.08295732390742394,63.94608260591867,175.132198182403
32,150000,10,1.362600957770721,1.5888162745159145,0.22545486575922702,0,0.08373809470154137,63.95246198021908,174.98764847857905
64,150000,1,1.373182530334323,1.597828754097435,0.22616245840779103,0,0.08277130569412172,127.7721465076661,177.94238605683077
64,150000,2,1.3731180297286438,1.5975024840559189,0.22918479175012552,0,0.08193808317175844,127.73902854708138,177.85293554316928
64,150000,3,1.3724681178294968,1.5960464271377681,0.2259203207169751,0,0.0879605843753124,127.76562166773299,178.0413512562955
64,150000,4,1.3733714041022198,1.5964583811584108,0.2237012302225354,0,0.08409918096671243,127.80897204209631,178.00813485914267
64,150000,5,1.3731729775779744,1.5978776048342302,0.22562039957742863,0,0.08511262373207984,127.79963822089806,177.8236320618114
64,150000,6,1.371475053012957,1.596751423048251,0.2249634047626099,0,0.08300292940176845,127.83521516829995,177.79086508720889
64,150000,7,1.373328541781194,1.5988095007265946,0.2250779323745089,0,0.0830452035517979,127.78294656163509,177.814585790947
64,150000,8,1.373616861747589,1.5997052208454958,0.22813475946888273,0,0.08466776163434808,127.81532395566923,177.94730525679014
64,150000,9,1.372348532824029,1.5987561625936983,0.23186084425899356,0,0.08343462023769765,127.78334396936822,177.9885902045324
64,150000,10,1.3725845295477956,1.5972839874795497,0.22554026078439549,0,0.08478394292927982,127.78261793455164,177.9150144823679
128,150000,1,1.3872632696037193,1.6169516158730186,0.2225257865066288,0,0.08165990791685562,227.62443095599394,183.08040922860695
128,150000,2,1.388635016494729,1.6183412866367233,0.2317783452823159,0,0.08614963380178331,227.38225255972696,182.95822947818817
128,150000,3,1.3897983870313024,1.6232441697756759,0.22671061002639492,0,0.08318721278454078,227.18733409177096,183.09264696550676
128,150000,4,1.3906908400636055,1.6150731345499008,0.23188601467327175,0,0.08528793854790306,227.79442970822282,183.10400221831412
128,150000,5,1.3898998805390717,1.6177705101714217,0.2300136168993152,0,0.08527221047147648,227.60299412545007,183.11360327752
128,150000,6,1.3903916101961222,1.6186654551736845,0.22739804474501857,0,0.08319334166060832,227.38101553618796,182.95821643155813
128,150000,7,1.3892082291071626,1.6230794870648753,0.22573449080017838,0,0.08427377017055004,227.51952236542834,183.12142549294518
128,150000,8,1.3881829322594719,1.618466188561868,0.22320892161144545,0,0.08272284388280404,227.33491281273692,183.06484623392916
128,150000,9,1.3899202454710373,1.6192490743801171,0.2279060656568328,0,0.08264934751601927,227.71398786959818,183.06690343464078
128,150000,10,1.391531473838583,1.6253622185901397,0.22606591530106707,0,0.08167853200702702,227.69594850435442,182.95796776019068
256,150000,1,1.3934097067340296,1.6273394460445858,0.22415011714016764,0,0.08185885090898593,234.42781793319008,184.0739596534995
256,150000,2,1.3924134054369226,1.628730839717086,0.22775486375389686,0,0.0816587151707513,234.26723969525298,184.26405051336658
256,150000,3,1.3907867386894681,1.6229808230199456,0.22590732473700648,0,0.0821993546305766,234.0664192225044,184.21771063515808
256,150000,4,1.3861952691938075,1.6149113018717385,0.22738968895438472,0,0.0820133042591582,234.8240234375,184.07274161833743
256,150000,5,1.3956271190802987,1.6139399724936823,0.22873503065334777,0,0.08360443120880845,234.5822265625,184.16282676015427
256,150000,6,1.3898846471511836,1.6225283582353454,0.22891549143798873,0,0.08278899401850381,234.44364133619848,184.06476138474747
256,150000,7,1.3865579503939287,1.6072640354336842,0.23319184114098412,0,0.08179157634061873,234.4517578125,184.1444403028083
256,150000,8,1.3918374919606933,1.622161202594678,0.2277802890070424,0,0.08346630792424037,234.2615234375,184.04516884665912
256,150000,9,1.3896558688414764,1.605045071269858,0.22596508882721977,0,0.08395691311057174,234.6521484375,184.35500086222729
256,150000,10,1.3943591357138647,1.6181598618267996,0.2354113234981381,0,0.08468328558415894,234.900390625,184.1207150044919
512,150000,1,1.3934097067340296,1.6273394460445858,0.22415011714016764,0,0.08185885090898593,234.42781793319008,184.0739596534995
512,150000,2,1.3924134054369226,1.628730839717086,0.22775486375389686,0,0.0816587151707513,234.26723969525298,184.26405051336658
512,150000,3,1.3907867386894681,1.6229808230199456,0.22590732473700648,0,0.0821993546305766,234.0664192225044,184.21771063515808
512,150000,4,1.3861952691938075,1.6149113018717385,0.22738968895438472,0,0.0820133042591582,234.8240234375,184.07274161833743
512,150000,5,1.3956271190802987,1.6139399724936823,0.22873503065334777,0,0.08360443120880845,234.5822265625,184.16282676015427
512,150000,6,1.3898846471511836,1.6225283582353454,0.22891549143798873,0,0.08278899401850381,234.44364133619848,184.06476138474747
512,150000,7,1.3865579503939287,1.6072640354336842,0.23319184114098412,0,0.08179157634061873,234.4517578125,184.1444403028083
512,150000,8,1.3918374919606933,1.622161202594678,0.2277802890070424,0,0.08346630792424037,234.2615234375,184.04516884665912
512,150000,9,1.3896558688414764,1.605045071269858,0.22596508882721977,0,0.08395691311057174,234.6521484375,184.35500086222729
512,150000,10,1.3943591357138647,1.6181598618267996,0.2354113234981381,0,0.08468328558415894,234.900390625,184.1207150044919
