mode,system,seed,searcher,win,events
copies,DAG+BFT,2,SYD,0.022222222222222223,45
copies,DAG+BFT,2,SIN,0.0,45
copies,DAG+BFT,2,PDX,0.0,45
copies,DAG+BFT,2,MULTI,0.9777777777777777,45
copies,Median-TS,2,SYD,0.0,45
copies,Median-TS,2,SIN,0.0,45
copies,Median-TS,2,PDX,0.0,45
copies,Median-TS,2,MULTI,1.0,45
copies,ChronoSeq-vertex,2,SYD,0.0,45
copies,ChronoSeq-vertex,2,SIN,0.0,45
copies,ChronoSeq-vertex,2,PDX,0.022222222222222223,45
copies,ChronoSeq-vertex,2,MULTI,0.9777777777777777,45
copies,ChronoSeq,2,SYD,0.17777777777777778,45
copies,ChronoSeq,2,SIN,0.2,45
copies,ChronoSeq,2,PDX,0.1111111111111111,45
copies,ChronoSeq,2,MULTI,0.5111111111111111,45
copies,Leader-BFT,2,SYD,0.044444444444444446,45
copies,Leader-BFT,2,SIN,0.022222222222222223,45
copies,Leader-BFT,2,PDX,0.022222222222222223,45
copies,Leader-BFT,2,MULTI,0.9111111111111111,45
copies,FIFO,2,SYD,0.0,45
copies,FIFO,2,SIN,0.0,45
copies,FIFO,2,PDX,0.0,45
copies,FIFO,2,MULTI,1.0,45
copies,DAG+BFT,1,SYD,0.037037037037037035,54
copies,DAG+BFT,1,SIN,0.018518518518518517,54
copies,DAG+BFT,1,PDX,0.0,54
copies,DAG+BFT,1,MULTI,0.9444444444444444,54
copies,Median-TS,1,SYD,0.0,54
copies,Median-TS,1,SIN,0.0,54
copies,Median-TS,1,PDX,0.0,54
copies,Median-TS,1,MULTI,1.0,54
copies,ChronoSeq-vertex,1,SYD,0.0,54
copies,ChronoSeq-vertex,1,SIN,0.018518518518518517,54
copies,ChronoSeq-vertex,1,PDX,0.018518518518518517,54
copies,ChronoSeq-vertex,1,MULTI,0.9629629629629629,54
copies,ChronoSeq,1,SYD,0.2037037037037037,54
copies,ChronoSeq,1,SIN,0.2777777777777778,54
copies,ChronoSeq,1,PDX,0.16666666666666666,54
copies,ChronoSeq,1,MULTI,0.35185185185185186,54
copies,Leader-BFT,1,SYD,0.037037037037037035,54
copies,Leader-BFT,1,SIN,0.018518518518518517,54
copies,Leader-BFT,1,PDX,0.037037037037037035,54
copies,Leader-BFT,1,MULTI,0.9074074074074074,54
copies,FIFO,1,SYD,0.0,54
copies,FIFO,1,SIN,0.0,54
copies,FIFO,1,PDX,0.0,54
copies,FIFO,1,MULTI,1.0,54
copies,DAG+BFT,3,SYD,0.0,65
copies,DAG+BFT,3,SIN,0.03076923076923077,65
copies,DAG+BFT,3,PDX,0.0,65
copies,DAG+BFT,3,MULTI,0.9692307692307692,65
copies,Median-TS,3,SYD,0.0,65
copies,Median-TS,3,SIN,0.0,65
copies,Median-TS,3,PDX,0.0,65
copies,Median-TS,3,MULTI,1.0,65
copies,ChronoSeq-vertex,3,SYD,0.0,65
copies,ChronoSeq-vertex,3,SIN,0.046153846153846156,65
copies,ChronoSeq-vertex,3,PDX,0.0,65
copies,ChronoSeq-vertex,3,MULTI,0.9538461538461539,65
copies,ChronoSeq,3,SYD,0.2,65
copies,ChronoSeq,3,SIN,0.26153846153846155,65
copies,ChronoSeq,3,PDX,0.2,65
copies,ChronoSeq,3,MULTI,0.3384615384615385,65
copies,Leader-BFT,3,SYD,0.0,65
copies,Leader-BFT,3,SIN,0.03076923076923077,65
copies,Leader-BFT,3,PDX,0.0,65
copies,Leader-BFT,3,MULTI,0.9692307692307692,65
copies,FIFO,3,SYD,0.0,65
copies,FIFO,3,SIN,0.0,65
copies,FIFO,3,PDX,0.0,65
copies,FIFO,3,MULTI,1.0,65
copies,DAG+BFT,4,SYD,0.023809523809523808,42
copies,DAG+BFT,4,SIN,0.047619047619047616,42
copies,DAG+BFT,4,PDX,0.023809523809523808,42
copies,DAG+BFT,4,MULTI,0.9047619047619048,42
copies,Median-TS,4,SYD,0.0,42
copies,Median-TS,4,SIN,0.0,42
copies,Median-TS,4,PDX,0.0,42
copies,Median-TS,4,MULTI,1.0,42
copies,ChronoSeq-vertex,4,SYD,0.0,42
copies,ChronoSeq-vertex,4,SIN,0.047619047619047616,42
copies,ChronoSeq-vertex,4,PDX,0.0,42
copies,ChronoSeq-vertex,4,MULTI,0.9523809523809523,42
copies,ChronoSeq,4,SYD,0.16666666666666666,42
copies,ChronoSeq,4,SIN,0.07142857142857142,42
copies,ChronoSeq,4,PDX,0.30952380952380953,42
copies,ChronoSeq,4,MULTI,0.4523809523809524,42
copies,Leader-BFT,4,SYD,0.023809523809523808,42
copies,Leader-BFT,4,SIN,0.023809523809523808,42
copies,Leader-BFT,4,PDX,0.0,42
copies,Leader-BFT,4,MULTI,0.9523809523809523,42
copies,FIFO,4,SYD,0.0,42
copies,FIFO,4,SIN,0.0,42
copies,FIFO,4,PDX,0.0,42
copies,FIFO,4,MULTI,1.0,42
copies,DAG+BFT,5,SYD,0.0,61
copies,DAG+BFT,5,SIN,0.0,61
copies,DAG+BFT,5,PDX,0.03278688524590164,61
copies,DAG+BFT,5,MULTI,0.9672131147540983,61
copies,Median-TS,5,SYD,0.0,61
copies,Median-TS,5,SIN,0.0,61
copies,Median-TS,5,PDX,0.0,61
copies,Median-TS,5,MULTI,1.0,61
copies,ChronoSeq-vertex,5,SYD,0.03278688524590164,61
copies,ChronoSeq-vertex,5,SIN,0.01639344262295082,61
copies,ChronoSeq-vertex,5,PDX,0.03278688524590164,61
copies,ChronoSeq-vertex,5,MULTI,0.9180327868852459,61
copies,ChronoSeq,5,SYD,0.19672131147540983,61
copies,ChronoSeq,5,SIN,0.19672131147540983,61
copies,ChronoSeq,5,PDX,0.2459016393442623,61
copies,ChronoSeq,5,MULTI,0.36065573770491804,61
copies,Leader-BFT,5,SYD,0.0,61
copies,Leader-BFT,5,SIN,0.01639344262295082,61
copies,Leader-BFT,5,PDX,0.0,61
copies,Leader-BFT,5,MULTI,0.9836065573770492,61
copies,FIFO,5,SYD,0.0,61
copies,FIFO,5,SIN,0.0,61
copies,FIFO,5,PDX,0.0,61
copies,FIFO,5,MULTI,1.0,61
copies,DAG+BFT,6,SYD,0.0,53
copies,DAG+BFT,6,SIN,0.018867924528301886,53
copies,DAG+BFT,6,PDX,0.0,53
copies,DAG+BFT,6,MULTI,0.9811320754716981,53
copies,Median-TS,6,SYD,0.0,53
copies,Median-TS,6,SIN,0.0,53
copies,Median-TS,6,PDX,0.0,53
copies,Median-TS,6,MULTI,1.0,53
copies,ChronoSeq-vertex,6,SYD,0.0,53
copies,ChronoSeq-vertex,6,SIN,0.03773584905660377,53
copies,ChronoSeq-vertex,6,PDX,0.0,53
copies,ChronoSeq-vertex,6,MULTI,0.9622641509433962,53
copies,ChronoSeq,6,SYD,0.20754716981132076,53
copies,ChronoSeq,6,SIN,0.20754716981132076,53
copies,ChronoSeq,6,PDX,0.24528301886792453,53
copies,ChronoSeq,6,MULTI,0.33962264150943394,53
copies,Leader-BFT,6,SYD,0.018867924528301886,53
copies,Leader-BFT,6,SIN,0.0,53
copies,Leader-BFT,6,PDX,0.018867924528301886,53
copies,Leader-BFT,6,MULTI,0.9622641509433962,53
copies,FIFO,6,SYD,0.0,53
copies,FIFO,6,SIN,0.0,53
copies,FIFO,6,PDX,0.0,53
copies,FIFO,6,MULTI,1.0,53
copies,DAG+BFT,7,SYD,0.037037037037037035,54
copies,DAG+BFT,7,SIN,0.0,54
copies,DAG+BFT,7,PDX,0.018518518518518517,54
copies,DAG+BFT,7,MULTI,0.9444444444444444,54
copies,Median-TS,7,SYD,0.0,54
copies,Median-TS,7,SIN,0.0,54
copies,Median-TS,7,PDX,0.0,54
copies,Median-TS,7,MULTI,1.0,54
copies,ChronoSeq-vertex,7,SYD,0.018518518518518517,54
copies,ChronoSeq-vertex,7,SIN,0.018518518518518517,54
copies,ChronoSeq-vertex,7,PDX,0.0,54
copies,ChronoSeq-vertex,7,MULTI,0.9629629629629629,54
copies,ChronoSeq,7,SYD,0.16666666666666666,54
copies,ChronoSeq,7,SIN,0.1111111111111111,54
copies,ChronoSeq,7,PDX,0.25925925925925924,54
copies,ChronoSeq,7,MULTI,0.46296296296296297,54
copies,Leader-BFT,7,SYD,0.037037037037037035,54
copies,Leader-BFT,7,SIN,0.018518518518518517,54
copies,Leader-BFT,7,PDX,0.018518518518518517,54
copies,Leader-BFT,7,MULTI,0.9259259259259259,54
copies,FIFO,7,SYD,0.0,54
copies,FIFO,7,SIN,0.0,54
copies,FIFO,7,PDX,0.0,54
copies,FIFO,7,MULTI,1.0,54
copies,DAG+BFT,8,SYD,0.016666666666666666,60
copies,DAG+BFT,8,SIN,0.016666666666666666,60
copies,DAG+BFT,8,PDX,0.0,60
copies,DAG+BFT,8,MULTI,0.9666666666666667,60
copies,Median-TS,8,SYD,0.0,60
copies,Median-TS,8,SIN,0.0,60
copies,Median-TS,8,PDX,0.0,60
copies,Median-TS,8,MULTI,1.0,60
copies,ChronoSeq-vertex,8,SYD,0.016666666666666666,60
copies,ChronoSeq-vertex,8,SIN,0.016666666666666666,60
copies,ChronoSeq-vertex,8,PDX,0.0,60
copies,ChronoSeq-vertex,8,MULTI,0.9666666666666667,60
copies,ChronoSeq,8,SYD,0.2,60
copies,ChronoSeq,8,SIN,0.18333333333333332,60
copies,ChronoSeq,8,PDX,0.13333333333333333,60
copies,ChronoSeq,8,MULTI,0.48333333333333334,60
copies,Leader-BFT,8,SYD,0.016666666666666666,60
copies,Leader-BFT,8,SIN,0.0,60
copies,Leader-BFT,8,PDX,0.0,60
copies,Leader-BFT,8,MULTI,0.9833333333333333,60
copies,FIFO,8,SYD,0.0,60
copies,FIFO,8,SIN,0.0,60
copies,FIFO,8,PDX,0.0,60
copies,FIFO,8,MULTI,1.0,60
copies,DAG+BFT,9,SYD,0.0,61
copies,DAG+BFT,9,SIN,0.01639344262295082,61
copies,DAG+BFT,9,PDX,0.03278688524590164,61
copies,DAG+BFT,9,MULTI,0.9508196721311475,61
copies,Median-TS,9,SYD,0.0,61
copies,Median-TS,9,SIN,0.0,61
copies,Median-TS,9,PDX,0.0,61
copies,Median-TS,9,MULTI,1.0,61
copies,ChronoSeq-vertex,9,SYD,0.0,61
copies,ChronoSeq-vertex,9,SIN,0.0,61
copies,ChronoSeq-vertex,9,PDX,0.0,61
copies,ChronoSeq-vertex,9,MULTI,1.0,61
copies,ChronoSeq,9,SYD,0.18032786885245902,61
copies,ChronoSeq,9,SIN,0.14754098360655737,61
copies,ChronoSeq,9,PDX,0.3114754098360656,61
copies,ChronoSeq,9,MULTI,0.36065573770491804,61
copies,Leader-BFT,9,SYD,0.0,61
copies,Leader-BFT,9,SIN,0.01639344262295082,61
copies,Leader-BFT,9,PDX,0.0,61
copies,Leader-BFT,9,MULTI,0.9836065573770492,61
copies,FIFO,9,SYD,0.0,61
copies,FIFO,9,SIN,0.0,61
copies,FIFO,9,PDX,0.0,61
copies,FIFO,9,MULTI,1.0,61
copies,DAG+BFT,10,SYD,0.0,63
copies,DAG+BFT,10,SIN,0.015873015873015872,63
copies,DAG+BFT,10,PDX,0.031746031746031744,63
copies,DAG+BFT,10,MULTI,0.9523809523809523,63
copies,Median-TS,10,SYD,0.0,63
copies,Median-TS,10,SIN,0.0,63
copies,Median-TS,10,PDX,0.0,63
copies,Median-TS,10,MULTI,1.0,63
copies,ChronoSeq-vertex,10,SYD,0.015873015873015872,63
copies,ChronoSeq-vertex,10,SIN,0.06349206349206349,63
copies,ChronoSeq-vertex,10,PDX,0.0,63
copies,ChronoSeq-vertex,10,MULTI,0.9206349206349206,63
copies,ChronoSeq,10,SYD,0.19047619047619047,63
copies,ChronoSeq,10,SIN,0.25396825396825395,63
copies,ChronoSeq,10,PDX,0.19047619047619047,63
copies,ChronoSeq,10,MULTI,0.36507936507936506,63
copies,Leader-BFT,10,SYD,0.015873015873015872,63
copies,Leader-BFT,10,SIN,0.015873015873015872,63
copies,Leader-BFT,10,PDX,0.015873015873015872,63
copies,Leader-BFT,10,MULTI,0.9523809523809523,63
copies,FIFO,10,SYD,0.0,63
copies,FIFO,10,SIN,0.0,63
copies,FIFO,10,PDX,0.0,63
copies,FIFO,10,MULTI,1.0,63
sybil,DAG+BFT,1,SYD,0.0,54
sybil,DAG+BFT,1,SIN,0.018518518518518517,54
sybil,DAG+BFT,1,PDX,0.018518518518518517,54
sybil,DAG+BFT,1,MULTI,0.9629629629629629,54
sybil,Median-TS,1,SYD,0.0,54
sybil,Median-TS,1,SIN,0.0,54
sybil,Median-TS,1,PDX,0.0,54
sybil,Median-TS,1,MULTI,1.0,54
sybil,ChronoSeq-vertex,1,SYD,0.018518518518518517,54
sybil,ChronoSeq-vertex,1,SIN,0.0,54
sybil,ChronoSeq-vertex,1,PDX,0.018518518518518517,54
sybil,ChronoSeq-vertex,1,MULTI,0.9629629629629629,54
sybil,ChronoSeq,1,SYD,0.037037037037037035,54
sybil,ChronoSeq,1,SIN,0.018518518518518517,54
sybil,ChronoSeq,1,PDX,0.0,54
sybil,ChronoSeq,1,MULTI,0.9444444444444444,54
sybil,Leader-BFT,1,SYD,0.037037037037037035,54
sybil,Leader-BFT,1,SIN,0.0,54
sybil,Leader-BFT,1,PDX,0.0,54
sybil,Leader-BFT,1,MULTI,0.9629629629629629,54
sybil,FIFO,1,SYD,0.0,54
sybil,FIFO,1,SIN,0.0,54
sybil,FIFO,1,PDX,0.0,54
sybil,FIFO,1,MULTI,1.0,54
sybil,DAG+BFT,2,SYD,0.022222222222222223,45
sybil,DAG+BFT,2,SIN,0.044444444444444446,45
sybil,DAG+BFT,2,PDX,0.0,45
sybil,DAG+BFT,2,MULTI,0.9333333333333333,45
sybil,Median-TS,2,SYD,0.0,45
sybil,Median-TS,2,SIN,0.0,45
sybil,Median-TS,2,PDX,0.0,45
sybil,Median-TS,2,MULTI,1.0,45
sybil,ChronoSeq-vertex,2,SYD,0.0,45
sybil,ChronoSeq-vertex,2,SIN,0.0,45
sybil,ChronoSeq-vertex,2,PDX,0.022222222222222223,45
sybil,ChronoSeq-vertex,2,MULTI,0.9777777777777777,45
sybil,ChronoSeq,2,SYD,0.0,45
sybil,ChronoSeq,2,SIN,0.044444444444444446,45
sybil,ChronoSeq,2,PDX,0.0,45
sybil,ChronoSeq,2,MULTI,0.9555555555555556,45
sybil,Leader-BFT,2,SYD,0.022222222222222223,45
sybil,Leader-BFT,2,SIN,0.022222222222222223,45
sybil,Leader-BFT,2,PDX,0.0,45
sybil,Leader-BFT,2,MULTI,0.9555555555555556,45
sybil,FIFO,2,SYD,0.0,45
sybil,FIFO,2,SIN,0.0,45
sybil,FIFO,2,PDX,0.0,45
sybil,FIFO,2,MULTI,1.0,45
sybil,DAG+BFT,3,SYD,0.0,65
sybil,DAG+BFT,3,SIN,0.046153846153846156,65
sybil,DAG+BFT,3,PDX,0.03076923076923077,65
sybil,DAG+BFT,3,MULTI,0.9230769230769231,65
sybil,Median-TS,3,SYD,0.0,65
sybil,Median-TS,3,SIN,0.0,65
sybil,Median-TS,3,PDX,0.0,65
sybil,Median-TS,3,MULTI,1.0,65
sybil,ChronoSeq-vertex,3,SYD,0.015384615384615385,65
sybil,ChronoSeq-vertex,3,SIN,0.015384615384615385,65
sybil,ChronoSeq-vertex,3,PDX,0.015384615384615385,65
sybil,ChronoSeq-vertex,3,MULTI,0.9538461538461539,65
sybil,ChronoSeq,3,SYD,0.046153846153846156,65
sybil,ChronoSeq,3,SIN,0.046153846153846156,65
sybil,ChronoSeq,3,PDX,0.015384615384615385,65
sybil,ChronoSeq,3,MULTI,0.8923076923076924,65
sybil,Leader-BFT,3,SYD,0.015384615384615385,65
sybil,Leader-BFT,3,SIN,0.046153846153846156,65
sybil,Leader-BFT,3,PDX,0.015384615384615385,65
sybil,Leader-BFT,3,MULTI,0.9230769230769231,65
sybil,FIFO,3,SYD,0.0,65
sybil,FIFO,3,SIN,0.0,65
sybil,FIFO,3,PDX,0.0,65
sybil,FIFO,3,MULTI,1.0,65
sybil,DAG+BFT,4,SYD,0.0,42
sybil,DAG+BFT,4,SIN,0.0,42
sybil,DAG+BFT,4,PDX,0.023809523809523808,42
sybil,DAG+BFT,4,MULTI,0.9761904761904762,42
sybil,Median-TS,4,SYD,0.0,42
sybil,Median-TS,4,SIN,0.0,42
sybil,Median-TS,4,PDX,0.0,42
sybil,Median-TS,4,MULTI,1.0,42
sybil,ChronoSeq-vertex,4,SYD,0.0,42
sybil,ChronoSeq-vertex,4,SIN,0.023809523809523808,42
sybil,ChronoSeq-vertex,4,PDX,0.0,42
sybil,ChronoSeq-vertex,4,MULTI,0.9761904761904762,42
sybil,ChronoSeq,4,SYD,0.07142857142857142,42
sybil,ChronoSeq,4,SIN,0.0,42
sybil,ChronoSeq,4,PDX,0.0,42
sybil,ChronoSeq,4,MULTI,0.9285714285714286,42
sybil,Leader-BFT,4,SYD,0.023809523809523808,42
sybil,Leader-BFT,4,SIN,0.0,42
sybil,Leader-BFT,4,PDX,0.0,42
sybil,Leader-BFT,4,MULTI,0.9761904761904762,42
sybil,FIFO,4,SYD,0.0,42
sybil,FIFO,4,SIN,0.0,42
sybil,FIFO,4,PDX,0.0,42
sybil,FIFO,4,MULTI,1.0,42
sybil,DAG+BFT,5,SYD,0.01639344262295082,61
sybil,DAG+BFT,5,SIN,0.0,61
sybil,DAG+BFT,5,PDX,0.01639344262295082,61
sybil,DAG+BFT,5,MULTI,0.9672131147540983,61
sybil,Median-TS,5,SYD,0.0,61
sybil,Median-TS,5,SIN,0.0,61
sybil,Median-TS,5,PDX,0.0,61
sybil,Median-TS,5,MULTI,1.0,61
sybil,ChronoSeq-vertex,5,SYD,0.0,61
sybil,ChronoSeq-vertex,5,SIN,0.01639344262295082,61
sybil,ChronoSeq-vertex,5,PDX,0.03278688524590164,61
sybil,ChronoSeq-vertex,5,MULTI,0.9508196721311475,61
sybil,ChronoSeq,5,SYD,0.01639344262295082,61
sybil,ChronoSeq,5,SIN,0.01639344262295082,61
sybil,ChronoSeq,5,PDX,0.04918032786885246,61
sybil,ChronoSeq,5,MULTI,0.9180327868852459,61
sybil,Leader-BFT,5,SYD,0.03278688524590164,61
sybil,Leader-BFT,5,SIN,0.03278688524590164,61
sybil,Leader-BFT,5,PDX,0.0,61
sybil,Leader-BFT,5,MULTI,0.9344262295081968,61
sybil,FIFO,5,SYD,0.0,61
sybil,FIFO,5,SIN,0.0,61
sybil,FIFO,5,PDX,0.0,61
sybil,FIFO,5,MULTI,1.0,61
sybil,DAG+BFT,6,SYD,0.03773584905660377,53
sybil,DAG+BFT,6,SIN,0.0,53
sybil,DAG+BFT,6,PDX,0.018867924528301886,53
sybil,DAG+BFT,6,MULTI,0.9433962264150944,53
sybil,Median-TS,6,SYD,0.0,53
sybil,Median-TS,6,SIN,0.0,53
sybil,Median-TS,6,PDX,0.0,53
sybil,Median-TS,6,MULTI,1.0,53
sybil,ChronoSeq-vertex,6,SYD,0.03773584905660377,53
sybil,ChronoSeq-vertex,6,SIN,0.0,53
sybil,ChronoSeq-vertex,6,PDX,0.018867924528301886,53
sybil,ChronoSeq-vertex,6,MULTI,0.9433962264150944,53
sybil,ChronoSeq,6,SYD,0.018867924528301886,53
sybil,ChronoSeq,6,SIN,0.0,53
sybil,ChronoSeq,6,PDX,0.05660377358490566,53
sybil,ChronoSeq,6,MULTI,0.9245283018867925,53
sybil,Leader-BFT,6,SYD,0.03773584905660377,53
sybil,Leader-BFT,6,SIN,0.0,53
sybil,Leader-BFT,6,PDX,0.018867924528301886,53
sybil,Leader-BFT,6,MULTI,0.9433962264150944,53
sybil,FIFO,6,SYD,0.0,53
sybil,FIFO,6,SIN,0.0,53
sybil,FIFO,6,PDX,0.0,53
sybil,FIFO,6,MULTI,1.0,53
sybil,DAG+BFT,7,SYD,0.018518518518518517,54
sybil,DAG+BFT,7,SIN,0.018518518518518517,54
sybil,DAG+BFT,7,PDX,0.05555555555555555,54
sybil,DAG+BFT,7,MULTI,0.9074074074074074,54
sybil,Median-TS,7,SYD,0.0,54
sybil,Median-TS,7,SIN,0.0,54
sybil,Median-TS,7,PDX,0.0,54
sybil,Median-TS,7,MULTI,1.0,54
sybil,ChronoSeq-vertex,7,SYD,0.037037037037037035,54
sybil,ChronoSeq-vertex,7,SIN,0.0,54
sybil,ChronoSeq-vertex,7,PDX,0.037037037037037035,54
sybil,ChronoSeq-vertex,7,MULTI,0.9259259259259259,54
sybil,ChronoSeq,7,SYD,0.018518518518518517,54
sybil,ChronoSeq,7,SIN,0.018518518518518517,54
sybil,ChronoSeq,7,PDX,0.037037037037037035,54
sybil,ChronoSeq,7,MULTI,0.9259259259259259,54
sybil,Leader-BFT,7,SYD,0.0,54
sybil,Leader-BFT,7,SIN,0.037037037037037035,54
sybil,Leader-BFT,7,PDX,0.037037037037037035,54
sybil,Leader-BFT,7,MULTI,0.9259259259259259,54
sybil,FIFO,7,SYD,0.0,54
sybil,FIFO,7,SIN,0.0,54
sybil,FIFO,7,PDX,0.0,54
sybil,FIFO,7,MULTI,1.0,54
sybil,DAG+BFT,8,SYD,0.03333333333333333,60
sybil,DAG+BFT,8,SIN,0.0,60
sybil,DAG+BFT,8,PDX,0.05,60
sybil,DAG+BFT,8,MULTI,0.9166666666666666,60
sybil,Median-TS,8,SYD,0.0,60
sybil,Median-TS,8,SIN,0.0,60
sybil,Median-TS,8,PDX,0.0,60
sybil,Median-TS,8,MULTI,1.0,60
sybil,ChronoSeq-vertex,8,SYD,0.03333333333333333,60
sybil,ChronoSeq-vertex,8,SIN,0.0,60
sybil,ChronoSeq-vertex,8,PDX,0.03333333333333333,60
sybil,ChronoSeq-vertex,8,MULTI,0.9333333333333333,60
sybil,ChronoSeq,8,SYD,0.0,60
sybil,ChronoSeq,8,SIN,0.016666666666666666,60
sybil,ChronoSeq,8,PDX,0.016666666666666666,60
sybil,ChronoSeq,8,MULTI,0.9666666666666667,60
sybil,Leader-BFT,8,SYD,0.016666666666666666,60
sybil,Leader-BFT,8,SIN,0.016666666666666666,60
sybil,Leader-BFT,8,PDX,0.05,60
sybil,Leader-BFT,8,MULTI,0.9166666666666666,60
sybil,FIFO,8,SYD,0.0,60
sybil,FIFO,8,SIN,0.0,60
sybil,FIFO,8,PDX,0.0,60
sybil,FIFO,8,MULTI,1.0,60
sybil,DAG+BFT,9,SYD,0.01639344262295082,61
sybil,DAG+BFT,9,SIN,0.01639344262295082,61
sybil,DAG+BFT,9,PDX,0.03278688524590164,61
sybil,DAG+BFT,9,MULTI,0.9344262295081968,61
sybil,Median-TS,9,SYD,0.0,61
sybil,Median-TS,9,SIN,0.0,61
sybil,Median-TS,9,PDX,0.0,61
sybil,Median-TS,9,MULTI,1.0,61
sybil,ChronoSeq-vertex,9,SYD,0.01639344262295082,61
sybil,ChronoSeq-vertex,9,SIN,0.03278688524590164,61
sybil,ChronoSeq-vertex,9,PDX,0.03278688524590164,61
sybil,ChronoSeq-vertex,9,MULTI,0.9180327868852459,61
sybil,ChronoSeq,9,SYD,0.04918032786885246,61
sybil,ChronoSeq,9,SIN,0.04918032786885246,61
sybil,ChronoSeq,9,PDX,0.03278688524590164,61
sybil,ChronoSeq,9,MULTI,0.8688524590163934,61
sybil,Leader-BFT,9,SYD,0.01639344262295082,61
sybil,Leader-BFT,9,SIN,0.01639344262295082,61
sybil,Leader-BFT,9,PDX,0.03278688524590164,61
sybil,Leader-BFT,9,MULTI,0.9344262295081968,61
sybil,FIFO,9,SYD,0.0,61
sybil,FIFO,9,SIN,0.0,61
sybil,FIFO,9,PDX,0.0,61
sybil,FIFO,9,MULTI,1.0,61
sybil,DAG+BFT,10,SYD,0.015873015873015872,63
sybil,DAG+BFT,10,SIN,0.0,63
sybil,DAG+BFT,10,PDX,0.0,63
sybil,DAG+BFT,10,MULTI,0.9841269841269841,63
sybil,Median-TS,10,SYD,0.0,63
sybil,Median-TS,10,SIN,0.0,63
sybil,Median-TS,10,PDX,0.0,63
sybil,Median-TS,10,MULTI,1.0,63
sybil,ChronoSeq-vertex,10,SYD,0.031746031746031744,63
sybil,ChronoSeq-vertex,10,SIN,0.015873015873015872,63
sybil,ChronoSeq-vertex,10,PDX,0.0,63
sybil,ChronoSeq-vertex,10,MULTI,0.9523809523809523,63
sybil,ChronoSeq,10,SYD,0.047619047619047616,63
sybil,ChronoSeq,10,SIN,0.031746031746031744,63
sybil,ChronoSeq,10,PDX,0.047619047619047616,63
sybil,ChronoSeq,10,MULTI,0.873015873015873,63
sybil,Leader-BFT,10,SYD,0.031746031746031744,63
sybil,Leader-BFT,10,SIN,0.015873015873015872,63
sybil,Leader-BFT,10,PDX,0.0,63
sybil,Leader-BFT,10,MULTI,0.9523809523809523,63
sybil,FIFO,10,SYD,0.0,63
sybil,FIFO,10,SIN,0.0,63
sybil,FIFO,10,PDX,0.0,63
sybil,FIFO,10,MULTI,1.0,63
