t_vdf,seed,p50,p99
0.0,1,0.6677101541312158,0.8811947920499779
0.15,1,0.6677152094658503,0.8811947920499779
0.3,1,0.7864465590756957,1.0101489157589612
0.45,1,0.9364465590756943,1.1601489157589597
0.85,1,1.3364465590756964,1.56014891575896
1.3,1,1.7864465590756957,2.010148915758961
1.7,1,2.1864465590756943,2.4101489157589597
2.55,1,3.0364465590756957,3.260148915758961
4.25,1,4.736446559075695,4.96014891575896
8.45,1,8.936446559075694,9.160148915758958
0.0,2,0.6671647907408733,0.8788671121843166
0.15,2,0.6671664927571825,0.8788671121843166
0.3,2,0.7861288657794692,1.0081298529706366
0.45,2,0.9361288657794677,1.1581298529706352
0.85,2,1.3361288657794699,1.5581298529706373
1.3,2,1.7861288657794692,2.0081298529706366
1.7,2,2.1861288657794677,2.408129852970635
2.55,2,3.036128865779469,3.2581298529706366
4.25,2,4.7361288657794685,4.958129852970636
8.45,2,8.936128865779468,9.158129852970635
0.0,3,0.6666560669376729,0.8788776597335648
0.15,3,0.666659802193287,0.8788776597335648
0.3,3,0.7859121516445291,1.0084641389744808
0.45,3,0.9359121516445295,1.1584641389744794
0.85,3,1.3359121516445294,1.5584641389744798
1.3,3,1.785912151644529,2.008464138974481
1.7,3,2.18591215164453,2.4084641389744794
2.55,3,3.0359121516445295,3.258464138974479
4.25,3,4.73591215164453,4.95846413897448
8.45,3,8.935912151644528,9.15846413897448
0.0,4,0.6669013104638322,0.8807907442737459
0.15,4,0.6669044139434162,0.8807907442737459
0.3,4,0.7861174205471855,1.0097321199178908
0.45,4,0.936117420547184,1.1597321199178912
0.85,4,1.3361174205471862,1.5597321199178906
1.3,4,1.7861174205471855,2.009732119917891
1.7,4,2.186117420547184,2.409732119917891
2.55,4,3.0361174205471855,3.259732119917891
4.25,4,4.736117420547185,4.959732119917891
8.45,4,8.936117420547184,9.15973211991789
0.0,5,0.6672349246396538,0.8779017455981242
0.15,5,0.6672677016968684,0.8779017455981242
0.3,5,0.786472632112508,1.0075185199830088
0.45,5,0.9364726321125065,1.1575185199830074
0.85,5,1.3364726321125069,1.5575185199830077
1.3,5,1.786472632112508,2.007518519983009
1.7,5,2.1864726321125065,2.4075185199830074
2.55,5,3.036472632112508,3.257518519983007
4.25,5,4.736472632112507,4.957518519983008
8.45,5,8.936472632112505,9.157518519983006
0.0,6,0.6668567677237904,0.8794106894819596
0.15,6,0.6668590203982312,0.8794106894819596
0.3,6,0.7858106509098217,1.008356338889218
0.45,6,0.9358106509098203,1.1583563388892166
0.85,6,1.3358106509098207,1.5583563388892188
1.3,6,1.7858106509098217,2.008356338889218
1.7,6,2.1858106509098203,2.4083563388892166
2.55,6,3.0358106509098235,3.258356338889218
4.25,6,4.735810650909823,4.958356338889217
8.45,6,8.935810650909822,9.158356338889217
0.0,7,0.6677249586410561,0.8803684025293546
0.15,7,0.6677264542399755,0.8803684025293546
0.3,7,0.7866236600117595,1.0095563857080734
0.45,7,0.9366236600117581,1.159556385708072
0.85,7,1.3366236600117585,1.559556385708074
1.3,7,1.7866236600117595,2.0095563857080734
1.7,7,2.186623660011758,2.409556385708072
2.55,7,3.0366236600117595,3.2595563857080734
4.25,7,4.736623660011759,4.959556385708073
8.45,7,8.936623660011758,9.159556385708072
0.0,8,0.6666765634283864,0.8781624605900014
0.15,8,0.6666915378929374,0.8781624605900014
0.3,8,0.7861322541188045,1.007269830547223
0.45,8,0.9361322541188031,1.1572698305472215
0.85,8,1.3361322541188034,1.557269830547222
1.3,8,1.7861322541188045,2.007269830547223
1.7,8,2.186132254118803,2.4072698305472215
2.55,8,3.0361322541188045,3.257269830547221
4.25,8,4.736132254118806,4.957269830547222
8.45,8,8.936132254118805,9.157269830547223
0.0,9,0.6671442522039222,0.8801250983611482
0.15,9,0.6671501324649451,0.8801250983611482
0.3,9,0.7862352398269081,1.0099412222313937
0.45,9,0.9362352398269067,1.1599412222313923
0.85,9,1.3362352398269088,1.5599412222313944
1.3,9,1.7862352398269081,2.0099412222313937
1.7,9,2.1862352398269067,2.4099412222313923
2.55,9,3.036235239826908,3.2599412222313937
4.25,9,4.736235239826907,4.959941222231393
8.45,9,8.936235239826907,9.159941222231392
0.0,10,0.6673689968618799,0.8797957229061693
0.15,10,0.6673791094389969,0.8797957229061693
0.3,10,0.7865119743616411,1.0093700613728505
0.45,10,0.9365119743616397,1.1593700613728508
0.85,10,1.3365119743616418,1.5593700613728494
1.3,10,1.786511974361641,2.0093700613728487
1.7,10,2.1865119743616397,2.409370061372851
2.55,10,3.036511974361641,3.2593700613728487
4.25,10,4.73651197436164,4.9593700613728515
8.45,10,8.93651197436164,9.159370061372847
