f,seed,p50,p95,p99,vc_frac,cut_interval
0,2,1.3373556129696222,1.5036206157256693,1.5585729581460548,0.0,0.32521416079113763
0,1,1.336750325700046,1.503052656781965,1.5586856993500016,0.0,0.32469457984147254
0,3,1.3375642489722814,1.5034593951821158,1.56140426447819,0.0,0.32553463058118615
0,4,1.336899300330769,1.5018697196315935,1.557650815183056,0.0,0.3236207447820192
0,6,1.336092910527201,1.5032235391680366,1.5604998276757955,0.0,0.32449492559779536
0,5,1.337043279777122,1.503949303683802,1.5600016760625115,0.0,0.32504001601892085
0,8,1.3377867623073687,1.5040892089316564,1.5611590945734521,0.0,0.3244258925532
0,7,1.3360105211541864,1.5021749773643922,1.5572795225056844,0.0,0.3248605282967407
0,10,1.3370334467016978,1.5028027897131473,1.5606372154044759,0.0,0.3234339096959742
0,9,1.3373416527709718,1.5031843262766014,1.5588284051316208,0.0,0.32440612501307786
1,1,1.3542224440850674,1.9452010113483924,2.441616832876571,0.021739130434782608,0.3294263348959907
1,2,1.3579167410610893,1.932548319055952,2.434499905538683,0.046511627906976744,0.3319785938628095
1,4,1.3671496888606303,2.177579875504767,2.4909843899686326,0.047619047619047616,0.33486886869959154
1,3,1.360676812232553,1.9848904160108667,2.4791081390058327,0.022727272727272728,0.33390964808116896
1,5,1.3723528812338133,1.966313078142857,2.4315314526242062,0.04878048780487805,0.33441773363431027
1,6,1.3603412204554424,1.9779202649977456,2.4731073730039483,0.04878048780487805,0.3341963311988938
1,8,1.362025556128783,1.9787267907845756,2.475648874910581,0.022727272727272728,0.33510247589400066
1,7,1.3583804577539436,2.2095499872028657,2.4919698944796482,0.045454545454545456,0.32976208530410567
1,9,1.3615604452636543,1.9859942647527156,2.4786419914507896,0.022727272727272728,0.33447931201258463
1,10,1.3645659504847139,1.9470936362271543,2.4480754501960416,0.022727272727272728,0.3349427432214771
4,1,1.7759998101115126,3.817955924882988,4.311549799222116,0.16,0.34899224770305315
4,2,1.4373489242835955,2.6450784006478423,3.027812313440465,0.13333333333333333,0.34271364945577254
4,3,1.4499618116138056,2.4592372766021544,2.590890192225948,0.11764705882352941,0.34153774678492765
4,4,1.4616640882411378,2.5379652821551417,2.6694988838699523,0.12121212121212122,0.342893776328536
4,5,1.4179770875803612,2.352468975072606,2.5294837988767416,0.11764705882352941,0.3418472297703641
4,6,1.4193027504426197,2.474538806387871,2.644017341178351,0.12121212121212122,0.34453987324123814
4,7,1.4258277729576916,2.913734843040678,3.409476357724737,0.12903225806451613,0.343355936101597
4,8,1.4153728323111103,2.37868326732079,2.546771160750305,0.11764705882352941,0.34373034046535267
4,9,1.4112401324604136,2.3754218444080983,2.544426622570663,0.14705882352941177,0.34640081813498824
4,10,1.452590317127382,2.4822191725857676,2.6470761453816474,0.12121212121212122,0.3473940542897638
7,1,1.8244317778933077,3.8249621153377227,4.319945765912702,0.3,0.3623505309025514
7,2,1.4912383740860475,2.6759058295184905,3.0596379757372802,0.19230769230769232,0.35895937549458345
7,3,1.6130297350303402,2.9711898593481134,3.4659544717204795,0.24,0.36315322638881753
7,4,2.1093565738895284,3.8225041976002565,4.320800618877436,0.2631578947368421,0.3613646037789984
7,5,1.4719078693338785,2.541260129504572,2.675114421613105,0.20689655172413793,0.3597696159472017
7,6,1.4637577699685265,2.552548676891907,2.6808245228735625,0.17857142857142858,0.3578406012530351
7,7,1.514026761480288,2.9735811624680277,3.472403279338078,0.19230769230769232,0.3610661275053797
7,8,1.6191788932283564,3.249199934808747,3.520079243020037,0.2857142857142857,0.3633380210762778
7,9,1.5074785346393504,2.9303303501416327,3.4338136189757558,0.2608695652173913,0.35880118362596614
7,10,1.4745127290666478,2.5539005783700395,2.6835149420020388,0.17857142857142858,0.3615888534595779
10,1,1.951311628720573,3.8230135785058845,4.318545630832126,0.3333333333333333,0.38296289094056757
10,2,1.5352504598334527,2.932724009589675,3.4425170868258324,0.2727272727272727,0.3835577168912341
10,3,1.6529247766450652,2.96140696222729,3.463267741978834,0.3181818181818182,0.38591120558473335
10,4,2.1922913814514775,3.8361251526162263,4.333156341033677,0.4,0.39009616449615653
10,5,1.6413847231888665,2.960215238961821,3.4601493613729035,0.35,0.38254742141755216
10,6,1.9891049436353505,3.8190304348124915,4.324283569463345,0.35294117647058826,0.3862341783620278
10,7,2.3361719989807224,4.1402373121173,4.3906500465520555,0.42857142857142855,0.3856245882191953
10,8,1.7923694938930907,3.3001361090889603,3.575908161272837,0.3888888888888889,0.3852402391395966
10,9,1.5789312814482859,2.989798538172704,3.490939453007514,0.3333333333333333,0.38525958440305974
10,10,2.190028496697137,3.845476658457029,4.350949088386775,0.4,0.38948895364641567
